local_north_m,utm_northing_m,local_east_m,r16_code,modern_context_z_m_egm2008,historical_confidence
0,2557300,2016,35674,11.351562,D_PROVISIONAL
2,2557302,2016,35682,11.382812,D_PROVISIONAL
4,2557304,2016,35690,11.414062,D_PROVISIONAL
6,2557306,2016,35698,11.445312,D_PROVISIONAL
8,2557308,2016,35706,11.476562,D_PROVISIONAL
10,2557310,2016,35699,11.449219,D_PROVISIONAL
12,2557312,2016,35687,11.402344,D_PROVISIONAL
14,2557314,2016,35674,11.351562,D_PROVISIONAL
16,2557316,2016,35661,11.300781,D_PROVISIONAL
18,2557318,2016,35649,11.253906,D_PROVISIONAL
20,2557320,2016,35636,11.203125,D_PROVISIONAL
22,2557322,2016,35623,11.152344,D_PROVISIONAL
24,2557324,2016,35610,11.101562,D_PROVISIONAL
26,2557326,2016,35597,11.050781,D_PROVISIONAL
28,2557328,2016,35584,11.000000,D_PROVISIONAL
30,2557330,2016,35571,10.949219,D_PROVISIONAL
32,2557332,2016,35558,10.898438,D_PROVISIONAL
34,2557334,2016,35545,10.847656,D_PROVISIONAL
36,2557336,2016,35532,10.796875,D_PROVISIONAL
38,2557338,2016,35593,11.035156,D_PROVISIONAL
40,2557340,2016,35665,11.316406,D_PROVISIONAL
42,2557342,2016,35737,11.597656,D_PROVISIONAL
44,2557344,2016,35810,11.882812,D_PROVISIONAL
46,2557346,2016,35882,12.164062,D_PROVISIONAL
48,2557348,2016,35955,12.449219,D_PROVISIONAL
50,2557350,2016,36028,12.734375,D_PROVISIONAL
52,2557352,2016,36100,13.015625,D_PROVISIONAL
54,2557354,2016,36173,13.300781,D_PROVISIONAL
56,2557356,2016,36246,13.585938,D_PROVISIONAL
58,2557358,2016,36319,13.871094,D_PROVISIONAL
60,2557360,2016,36392,14.156250,D_PROVISIONAL
62,2557362,2016,36465,14.441406,D_PROVISIONAL
64,2557364,2016,36536,14.718750,D_PROVISIONAL
66,2557366,2016,36507,14.605469,D_PROVISIONAL
68,2557368,2016,36478,14.492188,D_PROVISIONAL
70,2557370,2016,36448,14.375000,D_PROVISIONAL
72,2557372,2016,36419,14.261719,D_PROVISIONAL
74,2557374,2016,36391,14.152344,D_PROVISIONAL
76,2557376,2016,36362,14.039062,D_PROVISIONAL
78,2557378,2016,36334,13.929688,D_PROVISIONAL
80,2557380,2016,36305,13.816406,D_PROVISIONAL
82,2557382,2016,36277,13.707031,D_PROVISIONAL
84,2557384,2016,36250,13.601562,D_PROVISIONAL
86,2557386,2016,36222,13.492188,D_PROVISIONAL
88,2557388,2016,36195,13.386719,D_PROVISIONAL
90,2557390,2016,36167,13.277344,D_PROVISIONAL
92,2557392,2016,36136,13.156250,D_PROVISIONAL
94,2557394,2016,36084,12.953125,D_PROVISIONAL
96,2557396,2016,36032,12.750000,D_PROVISIONAL
98,2557398,2016,35980,12.546875,D_PROVISIONAL
100,2557400,2016,35927,12.339844,D_PROVISIONAL
102,2557402,2016,35875,12.136719,D_PROVISIONAL
104,2557404,2016,35822,11.929688,D_PROVISIONAL
106,2557406,2016,35769,11.722656,D_PROVISIONAL
108,2557408,2016,35716,11.515625,D_PROVISIONAL
110,2557410,2016,35663,11.308594,D_PROVISIONAL
112,2557412,2016,35610,11.101562,D_PROVISIONAL
114,2557414,2016,35557,10.894531,D_PROVISIONAL
116,2557416,2016,35503,10.683594,D_PROVISIONAL
118,2557418,2016,35449,10.472656,D_PROVISIONAL
120,2557420,2016,35405,10.300781,D_PROVISIONAL
122,2557422,2016,35382,10.210938,D_PROVISIONAL
124,2557424,2016,35359,10.121094,D_PROVISIONAL
126,2557426,2016,35336,10.031250,D_PROVISIONAL
128,2557428,2016,35312,9.937500,D_PROVISIONAL
130,2557430,2016,35289,9.847656,D_PROVISIONAL
132,2557432,2016,35266,9.757812,D_PROVISIONAL
134,2557434,2016,35242,9.664062,D_PROVISIONAL
136,2557436,2016,35219,9.574219,D_PROVISIONAL
138,2557438,2016,35196,9.484375,D_PROVISIONAL
140,2557440,2016,35172,9.390625,D_PROVISIONAL
142,2557442,2016,35149,9.300781,D_PROVISIONAL
144,2557444,2016,35125,9.207031,D_PROVISIONAL
146,2557446,2016,35102,9.117188,D_PROVISIONAL
148,2557448,2016,35058,8.945312,D_PROVISIONAL
150,2557450,2016,34993,8.691406,D_PROVISIONAL
152,2557452,2016,34927,8.433594,D_PROVISIONAL
154,2557454,2016,34861,8.175781,D_PROVISIONAL
156,2557456,2016,34794,7.914062,D_PROVISIONAL
158,2557458,2016,34728,7.656250,D_PROVISIONAL
160,2557460,2016,34662,7.398438,D_PROVISIONAL
162,2557462,2016,34596,7.140625,D_PROVISIONAL
164,2557464,2016,34529,6.878906,D_PROVISIONAL
166,2557466,2016,34463,6.621094,D_PROVISIONAL
168,2557468,2016,34396,6.359375,D_PROVISIONAL
170,2557470,2016,34329,6.097656,D_PROVISIONAL
172,2557472,2016,34262,5.835938,D_PROVISIONAL
174,2557474,2016,34195,5.574219,D_PROVISIONAL
176,2557476,2016,34163,5.449219,D_PROVISIONAL
178,2557478,2016,34151,5.402344,D_PROVISIONAL
180,2557480,2016,34140,5.359375,D_PROVISIONAL
182,2557482,2016,34128,5.312500,D_PROVISIONAL
184,2557484,2016,34117,5.269531,D_PROVISIONAL
186,2557486,2016,34106,5.226562,D_PROVISIONAL
188,2557488,2016,34095,5.183594,D_PROVISIONAL
190,2557490,2016,34083,5.136719,D_PROVISIONAL
192,2557492,2016,34072,5.093750,D_PROVISIONAL
194,2557494,2016,34061,5.050781,D_PROVISIONAL
196,2557496,2016,34050,5.007812,D_PROVISIONAL
198,2557498,2016,34039,4.964844,D_PROVISIONAL
200,2557500,2016,34029,4.925781,D_PROVISIONAL
202,2557502,2016,34018,4.882812,D_PROVISIONAL
204,2557504,2016,34022,4.898438,D_PROVISIONAL
206,2557506,2016,34030,4.929688,D_PROVISIONAL
208,2557508,2016,34039,4.964844,D_PROVISIONAL
210,2557510,2016,34047,4.996094,D_PROVISIONAL
212,2557512,2016,34056,5.031250,D_PROVISIONAL
214,2557514,2016,34064,5.062500,D_PROVISIONAL
216,2557516,2016,34072,5.093750,D_PROVISIONAL
218,2557518,2016,34081,5.128906,D_PROVISIONAL
220,2557520,2016,34089,5.160156,D_PROVISIONAL
222,2557522,2016,34097,5.191406,D_PROVISIONAL
224,2557524,2016,34106,5.226562,D_PROVISIONAL
226,2557526,2016,34114,5.257812,D_PROVISIONAL
228,2557528,2016,34122,5.289062,D_PROVISIONAL
230,2557530,2016,34130,5.320312,D_PROVISIONAL
232,2557532,2016,34141,5.363281,D_PROVISIONAL
234,2557534,2016,34153,5.410156,D_PROVISIONAL
236,2557536,2016,34164,5.453125,D_PROVISIONAL
238,2557538,2016,34175,5.496094,D_PROVISIONAL
240,2557540,2016,34187,5.542969,D_PROVISIONAL
242,2557542,2016,34198,5.585938,D_PROVISIONAL
244,2557544,2016,34209,5.628906,D_PROVISIONAL
246,2557546,2016,34220,5.671875,D_PROVISIONAL
248,2557548,2016,34232,5.718750,D_PROVISIONAL
250,2557550,2016,34243,5.761719,D_PROVISIONAL
252,2557552,2016,34254,5.804688,D_PROVISIONAL
254,2557554,2016,34265,5.847656,D_PROVISIONAL
256,2557556,2016,34276,5.890625,D_PROVISIONAL
258,2557558,2016,34286,5.929688,D_PROVISIONAL
260,2557560,2016,34285,5.925781,D_PROVISIONAL
262,2557562,2016,34283,5.917969,D_PROVISIONAL
264,2557564,2016,34282,5.914062,D_PROVISIONAL
266,2557566,2016,34280,5.906250,D_PROVISIONAL
268,2557568,2016,34279,5.902344,D_PROVISIONAL
270,2557570,2016,34278,5.898438,D_PROVISIONAL
272,2557572,2016,34276,5.890625,D_PROVISIONAL
274,2557574,2016,34275,5.886719,D_PROVISIONAL
276,2557576,2016,34273,5.878906,D_PROVISIONAL
278,2557578,2016,34272,5.875000,D_PROVISIONAL
280,2557580,2016,34271,5.871094,D_PROVISIONAL
282,2557582,2016,34269,5.863281,D_PROVISIONAL
284,2557584,2016,34268,5.859375,D_PROVISIONAL
286,2557586,2016,34269,5.863281,D_PROVISIONAL
288,2557588,2016,34278,5.898438,D_PROVISIONAL
290,2557590,2016,34288,5.937500,D_PROVISIONAL
292,2557592,2016,34297,5.972656,D_PROVISIONAL
294,2557594,2016,34307,6.011719,D_PROVISIONAL
296,2557596,2016,34316,6.046875,D_PROVISIONAL
298,2557598,2016,34326,6.085938,D_PROVISIONAL
300,2557600,2016,34336,6.125000,D_PROVISIONAL
302,2557602,2016,34345,6.160156,D_PROVISIONAL
304,2557604,2016,34355,6.199219,D_PROVISIONAL
306,2557606,2016,34365,6.238281,D_PROVISIONAL
308,2557608,2016,34375,6.277344,D_PROVISIONAL
310,2557610,2016,34384,6.312500,D_PROVISIONAL
312,2557612,2016,34394,6.351562,D_PROVISIONAL
314,2557614,2016,34395,6.355469,D_PROVISIONAL
316,2557616,2016,34380,6.296875,D_PROVISIONAL
318,2557618,2016,34365,6.238281,D_PROVISIONAL
320,2557620,2016,34351,6.183594,D_PROVISIONAL
322,2557622,2016,34336,6.125000,D_PROVISIONAL
324,2557624,2016,34321,6.066406,D_PROVISIONAL
326,2557626,2016,34307,6.011719,D_PROVISIONAL
328,2557628,2016,34292,5.953125,D_PROVISIONAL
330,2557630,2016,34277,5.894531,D_PROVISIONAL
332,2557632,2016,34263,5.839844,D_PROVISIONAL
334,2557634,2016,34248,5.781250,D_PROVISIONAL
336,2557636,2016,34233,5.722656,D_PROVISIONAL
338,2557638,2016,34219,5.667969,D_PROVISIONAL
340,2557640,2016,34204,5.609375,D_PROVISIONAL
342,2557642,2016,34192,5.562500,D_PROVISIONAL
344,2557644,2016,34183,5.527344,D_PROVISIONAL
346,2557646,2016,34173,5.488281,D_PROVISIONAL
348,2557648,2016,34164,5.453125,D_PROVISIONAL
350,2557650,2016,34154,5.414062,D_PROVISIONAL
352,2557652,2016,34144,5.375000,D_PROVISIONAL
354,2557654,2016,34135,5.339844,D_PROVISIONAL
356,2557656,2016,34125,5.300781,D_PROVISIONAL
358,2557658,2016,34115,5.261719,D_PROVISIONAL
360,2557660,2016,34106,5.226562,D_PROVISIONAL
362,2557662,2016,34096,5.187500,D_PROVISIONAL
364,2557664,2016,34086,5.148438,D_PROVISIONAL
366,2557666,2016,34076,5.109375,D_PROVISIONAL
368,2557668,2016,34067,5.074219,D_PROVISIONAL
370,2557670,2016,34062,5.054688,D_PROVISIONAL
372,2557672,2016,34059,5.042969,D_PROVISIONAL
374,2557674,2016,34056,5.031250,D_PROVISIONAL
376,2557676,2016,34053,5.019531,D_PROVISIONAL
378,2557678,2016,34050,5.007812,D_PROVISIONAL
380,2557680,2016,34047,4.996094,D_PROVISIONAL
382,2557682,2016,34044,4.984375,D_PROVISIONAL
384,2557684,2016,34042,4.976562,D_PROVISIONAL
386,2557686,2016,34039,4.964844,D_PROVISIONAL
388,2557688,2016,34037,4.957031,D_PROVISIONAL
390,2557690,2016,34034,4.945312,D_PROVISIONAL
392,2557692,2016,34032,4.937500,D_PROVISIONAL
394,2557694,2016,34029,4.925781,D_PROVISIONAL
396,2557696,2016,34027,4.917969,D_PROVISIONAL
398,2557698,2016,34027,4.917969,D_PROVISIONAL
400,2557700,2016,34028,4.921875,D_PROVISIONAL
402,2557702,2016,34029,4.925781,D_PROVISIONAL
404,2557704,2016,34030,4.929688,D_PROVISIONAL
406,2557706,2016,34031,4.933594,D_PROVISIONAL
408,2557708,2016,34032,4.937500,D_PROVISIONAL
410,2557710,2016,34033,4.941406,D_PROVISIONAL
412,2557712,2016,34035,4.949219,D_PROVISIONAL
414,2557714,2016,34036,4.953125,D_PROVISIONAL
416,2557716,2016,34037,4.957031,D_PROVISIONAL
418,2557718,2016,34038,4.960938,D_PROVISIONAL
420,2557720,2016,34040,4.968750,D_PROVISIONAL
422,2557722,2016,34041,4.972656,D_PROVISIONAL
424,2557724,2016,34042,4.976562,D_PROVISIONAL
426,2557726,2016,34069,5.082031,D_PROVISIONAL
428,2557728,2016,34096,5.187500,D_PROVISIONAL
430,2557730,2016,34123,5.292969,D_PROVISIONAL
432,2557732,2016,34150,5.398438,D_PROVISIONAL
434,2557734,2016,34177,5.503906,D_PROVISIONAL
436,2557736,2016,34204,5.609375,D_PROVISIONAL
438,2557738,2016,34231,5.714844,D_PROVISIONAL
440,2557740,2016,34257,5.816406,D_PROVISIONAL
442,2557742,2016,34284,5.921875,D_PROVISIONAL
444,2557744,2016,34311,6.027344,D_PROVISIONAL
446,2557746,2016,34337,6.128906,D_PROVISIONAL
448,2557748,2016,34364,6.234375,D_PROVISIONAL
450,2557750,2016,34391,6.339844,D_PROVISIONAL
452,2557752,2016,34419,6.449219,D_PROVISIONAL
454,2557754,2016,34463,6.621094,D_PROVISIONAL
456,2557756,2016,34507,6.792969,D_PROVISIONAL
458,2557758,2016,34551,6.964844,D_PROVISIONAL
460,2557760,2016,34594,7.132812,D_PROVISIONAL
462,2557762,2016,34638,7.304688,D_PROVISIONAL
464,2557764,2016,34682,7.476562,D_PROVISIONAL
466,2557766,2016,34725,7.644531,D_PROVISIONAL
468,2557768,2016,34769,7.816406,D_PROVISIONAL
470,2557770,2016,34812,7.984375,D_PROVISIONAL
472,2557772,2016,34855,8.152344,D_PROVISIONAL
474,2557774,2016,34898,8.320312,D_PROVISIONAL
476,2557776,2016,34942,8.492188,D_PROVISIONAL
478,2557778,2016,34985,8.660156,D_PROVISIONAL
480,2557780,2016,35030,8.835938,D_PROVISIONAL
482,2557782,2016,35080,9.031250,D_PROVISIONAL
484,2557784,2016,35130,9.226562,D_PROVISIONAL
486,2557786,2016,35180,9.421875,D_PROVISIONAL
488,2557788,2016,35230,9.617188,D_PROVISIONAL
490,2557790,2016,35280,9.812500,D_PROVISIONAL
492,2557792,2016,35330,10.007812,D_PROVISIONAL
494,2557794,2016,35380,10.203125,D_PROVISIONAL
496,2557796,2016,35431,10.402344,D_PROVISIONAL
498,2557798,2016,35481,10.597656,D_PROVISIONAL
500,2557800,2016,35532,10.796875,D_PROVISIONAL
502,2557802,2016,35582,10.992188,D_PROVISIONAL
504,2557804,2016,35633,11.191406,D_PROVISIONAL
506,2557806,2016,35684,11.390625,D_PROVISIONAL
508,2557808,2016,35708,11.484375,D_PROVISIONAL
510,2557810,2016,35699,11.449219,D_PROVISIONAL
512,2557812,2016,35691,11.417969,D_PROVISIONAL
514,2557814,2016,35682,11.382812,D_PROVISIONAL
516,2557816,2016,35673,11.347656,D_PROVISIONAL
518,2557818,2016,35665,11.316406,D_PROVISIONAL
520,2557820,2016,35656,11.281250,D_PROVISIONAL
522,2557822,2016,35647,11.246094,D_PROVISIONAL
524,2557824,2016,35638,11.210938,D_PROVISIONAL
526,2557826,2016,35630,11.179688,D_PROVISIONAL
528,2557828,2016,35621,11.144531,D_PROVISIONAL
530,2557830,2016,35612,11.109375,D_PROVISIONAL
532,2557832,2016,35603,11.074219,D_PROVISIONAL
534,2557834,2016,35594,11.039062,D_PROVISIONAL
536,2557836,2016,35579,10.980469,D_PROVISIONAL
538,2557838,2016,35560,10.906250,D_PROVISIONAL
540,2557840,2016,35540,10.828125,D_PROVISIONAL
542,2557842,2016,35521,10.753906,D_PROVISIONAL
544,2557844,2016,35501,10.675781,D_PROVISIONAL
546,2557846,2016,35482,10.601562,D_PROVISIONAL
548,2557848,2016,35463,10.527344,D_PROVISIONAL
550,2557850,2016,35444,10.453125,D_PROVISIONAL
552,2557852,2016,35425,10.378906,D_PROVISIONAL
554,2557854,2016,35406,10.304688,D_PROVISIONAL
556,2557856,2016,35388,10.234375,D_PROVISIONAL
558,2557858,2016,35369,10.160156,D_PROVISIONAL
560,2557860,2016,35350,10.085938,D_PROVISIONAL
562,2557862,2016,35332,10.015625,D_PROVISIONAL
564,2557864,2016,35230,9.617188,D_PROVISIONAL
566,2557866,2016,35099,9.105469,D_PROVISIONAL
568,2557868,2016,34969,8.597656,D_PROVISIONAL
570,2557870,2016,34838,8.085938,D_PROVISIONAL
572,2557872,2016,34708,7.578125,D_PROVISIONAL
574,2557874,2016,34577,7.066406,D_PROVISIONAL
576,2557876,2016,34447,6.558594,D_PROVISIONAL
578,2557878,2016,34316,6.046875,D_PROVISIONAL
580,2557880,2016,34185,5.535156,D_PROVISIONAL
582,2557882,2016,34055,5.027344,D_PROVISIONAL
584,2557884,2016,33924,4.515625,D_PROVISIONAL
586,2557886,2016,33794,4.007812,D_PROVISIONAL
588,2557888,2016,33663,3.496094,D_PROVISIONAL
590,2557890,2016,33532,2.984375,D_PROVISIONAL
592,2557892,2016,33498,2.851562,D_PROVISIONAL
594,2557894,2016,33475,2.761719,D_PROVISIONAL
596,2557896,2016,33452,2.671875,D_PROVISIONAL
598,2557898,2016,33429,2.582031,D_PROVISIONAL
600,2557900,2016,33406,2.492188,D_PROVISIONAL
602,2557902,2016,33383,2.402344,D_PROVISIONAL
604,2557904,2016,33360,2.312500,D_PROVISIONAL
606,2557906,2016,33337,2.222656,D_PROVISIONAL
608,2557908,2016,33314,2.132812,D_PROVISIONAL
610,2557910,2016,33291,2.042969,D_PROVISIONAL
612,2557912,2016,33267,1.949219,D_PROVISIONAL
614,2557914,2016,33244,1.859375,D_PROVISIONAL
616,2557916,2016,33221,1.769531,D_PROVISIONAL
618,2557918,2016,33198,1.679688,D_PROVISIONAL
620,2557920,2016,33186,1.632812,D_PROVISIONAL
622,2557922,2016,33173,1.582031,D_PROVISIONAL
624,2557924,2016,33161,1.535156,D_PROVISIONAL
626,2557926,2016,33148,1.484375,D_PROVISIONAL
628,2557928,2016,33135,1.433594,D_PROVISIONAL
630,2557930,2016,33123,1.386719,D_PROVISIONAL
632,2557932,2016,33110,1.335938,D_PROVISIONAL
634,2557934,2016,33098,1.289062,D_PROVISIONAL
636,2557936,2016,33085,1.238281,D_PROVISIONAL
638,2557938,2016,33072,1.187500,D_PROVISIONAL
640,2557940,2016,33060,1.140625,D_PROVISIONAL
642,2557942,2016,33047,1.089844,D_PROVISIONAL
644,2557944,2016,33034,1.039062,D_PROVISIONAL
646,2557946,2016,33024,1.000000,D_PROVISIONAL
648,2557948,2016,33024,1.000000,D_PROVISIONAL
650,2557950,2016,33024,1.000000,D_PROVISIONAL
652,2557952,2016,33024,1.000000,D_PROVISIONAL
654,2557954,2016,33024,1.000000,D_PROVISIONAL
656,2557956,2016,33024,1.000000,D_PROVISIONAL
658,2557958,2016,33024,1.000000,D_PROVISIONAL
660,2557960,2016,33024,1.000000,D_PROVISIONAL
662,2557962,2016,33024,1.000000,D_PROVISIONAL
664,2557964,2016,33024,1.000000,D_PROVISIONAL
666,2557966,2016,33024,1.000000,D_PROVISIONAL
668,2557968,2016,33024,1.000000,D_PROVISIONAL
670,2557970,2016,33024,1.000000,D_PROVISIONAL
672,2557972,2016,33024,1.000000,D_PROVISIONAL
674,2557974,2016,33018,0.976562,D_PROVISIONAL
676,2557976,2016,32999,0.902344,D_PROVISIONAL
678,2557978,2016,32980,0.828125,D_PROVISIONAL
680,2557980,2016,32962,0.757812,D_PROVISIONAL
682,2557982,2016,32943,0.683594,D_PROVISIONAL
684,2557984,2016,32925,0.613281,D_PROVISIONAL
686,2557986,2016,32907,0.542969,D_PROVISIONAL
688,2557988,2016,32888,0.468750,D_PROVISIONAL
690,2557990,2016,32870,0.398438,D_PROVISIONAL
692,2557992,2016,32852,0.328125,D_PROVISIONAL
694,2557994,2016,32834,0.257812,D_PROVISIONAL
696,2557996,2016,32817,0.191406,D_PROVISIONAL
698,2557998,2016,32799,0.121094,D_PROVISIONAL
700,2558000,2016,32781,0.050781,D_PROVISIONAL
702,2558002,2016,32784,0.062500,D_PROVISIONAL
704,2558004,2016,32806,0.148438,D_PROVISIONAL
706,2558006,2016,32828,0.234375,D_PROVISIONAL
708,2558008,2016,32850,0.320312,D_PROVISIONAL
710,2558010,2016,32872,0.406250,D_PROVISIONAL
712,2558012,2016,32894,0.492188,D_PROVISIONAL
714,2558014,2016,32916,0.578125,D_PROVISIONAL
716,2558016,2016,32938,0.664062,D_PROVISIONAL
718,2558018,2016,32960,0.750000,D_PROVISIONAL
720,2558020,2016,32981,0.832031,D_PROVISIONAL
722,2558022,2016,33003,0.917969,D_PROVISIONAL
724,2558024,2016,33025,1.003906,D_PROVISIONAL
726,2558026,2016,33046,1.085938,D_PROVISIONAL
728,2558028,2016,33068,1.171875,D_PROVISIONAL
730,2558030,2016,33066,1.164062,D_PROVISIONAL
732,2558032,2016,33051,1.105469,D_PROVISIONAL
734,2558034,2016,33036,1.046875,D_PROVISIONAL
736,2558036,2016,33021,0.988281,D_PROVISIONAL
738,2558038,2016,33006,0.929688,D_PROVISIONAL
740,2558040,2016,32992,0.875000,D_PROVISIONAL
742,2558042,2016,32977,0.816406,D_PROVISIONAL
744,2558044,2016,32962,0.757812,D_PROVISIONAL
746,2558046,2016,32947,0.699219,D_PROVISIONAL
748,2558048,2016,32932,0.640625,D_PROVISIONAL
750,2558050,2016,32918,0.585938,D_PROVISIONAL
752,2558052,2016,32903,0.527344,D_PROVISIONAL
754,2558054,2016,32888,0.468750,D_PROVISIONAL
756,2558056,2016,32873,0.410156,D_PROVISIONAL
758,2558058,2016,32891,0.480469,D_PROVISIONAL
760,2558060,2016,32916,0.578125,D_PROVISIONAL
762,2558062,2016,32941,0.675781,D_PROVISIONAL
764,2558064,2016,32966,0.773438,D_PROVISIONAL
766,2558066,2016,32991,0.871094,D_PROVISIONAL
768,2558068,2016,33016,0.968750,D_PROVISIONAL
770,2558070,2016,33042,1.070312,D_PROVISIONAL
772,2558072,2016,33067,1.167969,D_PROVISIONAL
774,2558074,2016,33092,1.265625,D_PROVISIONAL
776,2558076,2016,33117,1.363281,D_PROVISIONAL
778,2558078,2016,33141,1.457031,D_PROVISIONAL
780,2558080,2016,33166,1.554688,D_PROVISIONAL
782,2558082,2016,33191,1.652344,D_PROVISIONAL
784,2558084,2016,33216,1.750000,D_PROVISIONAL
786,2558086,2016,33320,2.156250,D_PROVISIONAL
788,2558088,2016,33427,2.574219,D_PROVISIONAL
790,2558090,2016,33533,2.988281,D_PROVISIONAL
792,2558092,2016,33640,3.406250,D_PROVISIONAL
794,2558094,2016,33746,3.820312,D_PROVISIONAL
796,2558096,2016,33853,4.238281,D_PROVISIONAL
798,2558098,2016,33959,4.652344,D_PROVISIONAL
800,2558100,2016,34064,5.062500,D_PROVISIONAL
802,2558102,2016,34170,5.476562,D_PROVISIONAL
804,2558104,2016,34275,5.886719,D_PROVISIONAL
806,2558106,2016,34381,6.300781,D_PROVISIONAL
808,2558108,2016,34486,6.710938,D_PROVISIONAL
810,2558110,2016,34590,7.117188,D_PROVISIONAL
812,2558112,2016,34685,7.488281,D_PROVISIONAL
814,2558114,2016,34693,7.519531,D_PROVISIONAL
816,2558116,2016,34702,7.554688,D_PROVISIONAL
818,2558118,2016,34711,7.589844,D_PROVISIONAL
820,2558120,2016,34720,7.625000,D_PROVISIONAL
822,2558122,2016,34728,7.656250,D_PROVISIONAL
824,2558124,2016,34737,7.691406,D_PROVISIONAL
826,2558126,2016,34747,7.730469,D_PROVISIONAL
828,2558128,2016,34756,7.765625,D_PROVISIONAL
830,2558130,2016,34765,7.800781,D_PROVISIONAL
832,2558132,2016,34774,7.835938,D_PROVISIONAL
834,2558134,2016,34784,7.875000,D_PROVISIONAL
836,2558136,2016,34793,7.910156,D_PROVISIONAL
838,2558138,2016,34803,7.949219,D_PROVISIONAL
840,2558140,2016,34810,7.976562,D_PROVISIONAL
842,2558142,2016,34809,7.972656,D_PROVISIONAL
844,2558144,2016,34808,7.968750,D_PROVISIONAL
846,2558146,2016,34808,7.968750,D_PROVISIONAL
848,2558148,2016,34807,7.964844,D_PROVISIONAL
850,2558150,2016,34807,7.964844,D_PROVISIONAL
852,2558152,2016,34806,7.960938,D_PROVISIONAL
854,2558154,2016,34806,7.960938,D_PROVISIONAL
856,2558156,2016,34806,7.960938,D_PROVISIONAL
858,2558158,2016,34806,7.960938,D_PROVISIONAL
860,2558160,2016,34805,7.957031,D_PROVISIONAL
862,2558162,2016,34805,7.957031,D_PROVISIONAL
864,2558164,2016,34805,7.957031,D_PROVISIONAL
866,2558166,2016,34805,7.957031,D_PROVISIONAL
868,2558168,2016,34794,7.914062,D_PROVISIONAL
870,2558170,2016,34767,7.808594,D_PROVISIONAL
872,2558172,2016,34739,7.699219,D_PROVISIONAL
874,2558174,2016,34712,7.593750,D_PROVISIONAL
876,2558176,2016,34685,7.488281,D_PROVISIONAL
878,2558178,2016,34658,7.382812,D_PROVISIONAL
880,2558180,2016,34630,7.273438,D_PROVISIONAL
882,2558182,2016,34603,7.167969,D_PROVISIONAL
884,2558184,2016,34576,7.062500,D_PROVISIONAL
886,2558186,2016,34549,6.957031,D_PROVISIONAL
888,2558188,2016,34523,6.855469,D_PROVISIONAL
890,2558190,2016,34496,6.750000,D_PROVISIONAL
892,2558192,2016,34469,6.644531,D_PROVISIONAL
894,2558194,2016,34442,6.539062,D_PROVISIONAL
896,2558196,2016,34411,6.417969,D_PROVISIONAL
898,2558198,2016,34377,6.285156,D_PROVISIONAL
900,2558200,2016,34343,6.152344,D_PROVISIONAL
902,2558202,2016,34309,6.019531,D_PROVISIONAL
904,2558204,2016,34275,5.886719,D_PROVISIONAL
906,2558206,2016,34241,5.753906,D_PROVISIONAL
908,2558208,2016,34207,5.621094,D_PROVISIONAL
910,2558210,2016,34173,5.488281,D_PROVISIONAL
912,2558212,2016,34139,5.355469,D_PROVISIONAL
914,2558214,2016,34105,5.222656,D_PROVISIONAL
916,2558216,2016,34071,5.089844,D_PROVISIONAL
918,2558218,2016,34038,4.960938,D_PROVISIONAL
920,2558220,2016,34004,4.828125,D_PROVISIONAL
922,2558222,2016,33970,4.695312,D_PROVISIONAL
924,2558224,2016,33956,4.640625,D_PROVISIONAL
926,2558226,2016,33949,4.613281,D_PROVISIONAL
928,2558228,2016,33943,4.589844,D_PROVISIONAL
930,2558230,2016,33936,4.562500,D_PROVISIONAL
932,2558232,2016,33929,4.535156,D_PROVISIONAL
934,2558234,2016,33923,4.511719,D_PROVISIONAL
936,2558236,2016,33916,4.484375,D_PROVISIONAL
938,2558238,2016,33909,4.457031,D_PROVISIONAL
940,2558240,2016,33903,4.433594,D_PROVISIONAL
942,2558242,2016,33896,4.406250,D_PROVISIONAL
944,2558244,2016,33889,4.378906,D_PROVISIONAL
946,2558246,2016,33883,4.355469,D_PROVISIONAL
948,2558248,2016,33876,4.328125,D_PROVISIONAL
950,2558250,2016,33869,4.300781,D_PROVISIONAL
952,2558252,2016,33863,4.277344,D_PROVISIONAL
954,2558254,2016,33856,4.250000,D_PROVISIONAL
956,2558256,2016,33849,4.222656,D_PROVISIONAL
958,2558258,2016,33842,4.195312,D_PROVISIONAL
960,2558260,2016,33835,4.167969,D_PROVISIONAL
962,2558262,2016,33829,4.144531,D_PROVISIONAL
964,2558264,2016,33822,4.117188,D_PROVISIONAL
966,2558266,2016,33815,4.089844,D_PROVISIONAL
968,2558268,2016,33808,4.062500,D_PROVISIONAL
970,2558270,2016,33802,4.039062,D_PROVISIONAL
972,2558272,2016,33795,4.011719,D_PROVISIONAL
974,2558274,2016,33789,3.988281,D_PROVISIONAL
976,2558276,2016,33782,3.960938,D_PROVISIONAL
978,2558278,2016,33776,3.937500,D_PROVISIONAL
980,2558280,2016,33792,4.000000,D_PROVISIONAL
982,2558282,2016,33808,4.062500,D_PROVISIONAL
984,2558284,2016,33824,4.125000,D_PROVISIONAL
986,2558286,2016,33840,4.187500,D_PROVISIONAL
988,2558288,2016,33855,4.246094,D_PROVISIONAL
990,2558290,2016,33871,4.308594,D_PROVISIONAL
992,2558292,2016,33887,4.371094,D_PROVISIONAL
994,2558294,2016,33902,4.429688,D_PROVISIONAL
996,2558296,2016,33918,4.492188,D_PROVISIONAL
998,2558298,2016,33933,4.550781,D_PROVISIONAL
1000,2558300,2016,33949,4.613281,D_PROVISIONAL
1002,2558302,2016,33964,4.671875,D_PROVISIONAL
1004,2558304,2016,33979,4.730469,D_PROVISIONAL
1006,2558306,2016,33998,4.804688,D_PROVISIONAL
1008,2558308,2016,34039,4.964844,D_PROVISIONAL
1010,2558310,2016,34079,5.121094,D_PROVISIONAL
1012,2558312,2016,34119,5.277344,D_PROVISIONAL
1014,2558314,2016,34158,5.429688,D_PROVISIONAL
1016,2558316,2016,34198,5.585938,D_PROVISIONAL
1018,2558318,2016,34238,5.742188,D_PROVISIONAL
1020,2558320,2016,34277,5.894531,D_PROVISIONAL
1022,2558322,2016,34316,6.046875,D_PROVISIONAL
1024,2558324,2016,34355,6.199219,D_PROVISIONAL
1026,2558326,2016,34394,6.351562,D_PROVISIONAL
1028,2558328,2016,34432,6.500000,D_PROVISIONAL
1030,2558330,2016,34471,6.652344,D_PROVISIONAL
1032,2558332,2016,34509,6.800781,D_PROVISIONAL
1034,2558334,2016,34537,6.910156,D_PROVISIONAL
1036,2558336,2016,34544,6.937500,D_PROVISIONAL
1038,2558338,2016,34550,6.960938,D_PROVISIONAL
1040,2558340,2016,34557,6.988281,D_PROVISIONAL
1042,2558342,2016,34563,7.011719,D_PROVISIONAL
1044,2558344,2016,34569,7.035156,D_PROVISIONAL
1046,2558346,2016,34576,7.062500,D_PROVISIONAL
1048,2558348,2016,34582,7.085938,D_PROVISIONAL
1050,2558350,2016,34588,7.109375,D_PROVISIONAL
1052,2558352,2016,34594,7.132812,D_PROVISIONAL
1054,2558354,2016,34600,7.156250,D_PROVISIONAL
1056,2558356,2016,34606,7.179688,D_PROVISIONAL
1058,2558358,2016,34612,7.203125,D_PROVISIONAL
1060,2558360,2016,34618,7.226562,D_PROVISIONAL
1062,2558362,2016,34647,7.339844,D_PROVISIONAL
1064,2558364,2016,34701,7.550781,D_PROVISIONAL
1066,2558366,2016,34756,7.765625,D_PROVISIONAL
1068,2558368,2016,34810,7.976562,D_PROVISIONAL
1070,2558370,2016,34865,8.191406,D_PROVISIONAL
1072,2558372,2016,34921,8.410156,D_PROVISIONAL
1074,2558374,2016,34976,8.625000,D_PROVISIONAL
1076,2558376,2016,35032,8.843750,D_PROVISIONAL
1078,2558378,2016,35088,9.062500,D_PROVISIONAL
1080,2558380,2016,35144,9.281250,D_PROVISIONAL
1082,2558382,2016,35200,9.500000,D_PROVISIONAL
1084,2558384,2016,35257,9.722656,D_PROVISIONAL
1086,2558386,2016,35314,9.945312,D_PROVISIONAL
1088,2558388,2016,35370,10.164062,D_PROVISIONAL
1090,2558390,2016,35476,10.578125,D_PROVISIONAL
1092,2558392,2016,35612,11.109375,D_PROVISIONAL
1094,2558394,2016,35747,11.636719,D_PROVISIONAL
1096,2558396,2016,35883,12.167969,D_PROVISIONAL
1098,2558398,2016,36019,12.699219,D_PROVISIONAL
1100,2558400,2016,36156,13.234375,D_PROVISIONAL
1102,2558402,2016,36292,13.765625,D_PROVISIONAL
1104,2558404,2016,36429,14.300781,D_PROVISIONAL
1106,2558406,2016,36565,14.832031,D_PROVISIONAL
1108,2558408,2016,36702,15.367188,D_PROVISIONAL
1110,2558410,2016,36839,15.902344,D_PROVISIONAL
1112,2558412,2016,36977,16.441406,D_PROVISIONAL
1114,2558414,2016,37114,16.976562,D_PROVISIONAL
1116,2558416,2016,37252,17.515625,D_PROVISIONAL
1118,2558418,2016,37345,17.878906,D_PROVISIONAL
1120,2558420,2016,37426,18.195312,D_PROVISIONAL
1122,2558422,2016,37506,18.507812,D_PROVISIONAL
1124,2558424,2016,37587,18.824219,D_PROVISIONAL
1126,2558426,2016,37668,19.140625,D_PROVISIONAL
1128,2558428,2016,37749,19.457031,D_PROVISIONAL
1130,2558430,2016,37830,19.773438,D_PROVISIONAL
1132,2558432,2016,37911,20.089844,D_PROVISIONAL
1134,2558434,2016,37992,20.406250,D_PROVISIONAL
1136,2558436,2016,38074,20.726562,D_PROVISIONAL
1138,2558438,2016,38155,21.042969,D_PROVISIONAL
1140,2558440,2016,38237,21.363281,D_PROVISIONAL
1142,2558442,2016,38318,21.679688,D_PROVISIONAL
1144,2558444,2016,38400,22.000000,D_PROVISIONAL
1146,2558446,2016,38323,21.699219,D_PROVISIONAL
1148,2558448,2016,38233,21.347656,D_PROVISIONAL
1150,2558450,2016,38144,21.000000,D_PROVISIONAL
1152,2558452,2016,38054,20.648438,D_PROVISIONAL
1154,2558454,2016,37964,20.296875,D_PROVISIONAL
1156,2558456,2016,37874,19.945312,D_PROVISIONAL
1158,2558458,2016,37784,19.593750,D_PROVISIONAL
1160,2558460,2016,37695,19.246094,D_PROVISIONAL
1162,2558462,2016,37605,18.894531,D_PROVISIONAL
1164,2558464,2016,37515,18.542969,D_PROVISIONAL
1166,2558466,2016,37425,18.191406,D_PROVISIONAL
1168,2558468,2016,37335,17.839844,D_PROVISIONAL
1170,2558470,2016,37245,17.488281,D_PROVISIONAL
1172,2558472,2016,37163,17.167969,D_PROVISIONAL
1174,2558474,2016,37165,17.175781,D_PROVISIONAL
1176,2558476,2016,37168,17.187500,D_PROVISIONAL
1178,2558478,2016,37170,17.195312,D_PROVISIONAL
1180,2558480,2016,37172,17.203125,D_PROVISIONAL
1182,2558482,2016,37174,17.210938,D_PROVISIONAL
1184,2558484,2016,37175,17.214844,D_PROVISIONAL
1186,2558486,2016,37176,17.218750,D_PROVISIONAL
1188,2558488,2016,37177,17.222656,D_PROVISIONAL
1190,2558490,2016,37178,17.226562,D_PROVISIONAL
1192,2558492,2016,37178,17.226562,D_PROVISIONAL
1194,2558494,2016,37179,17.230469,D_PROVISIONAL
1196,2558496,2016,37179,17.230469,D_PROVISIONAL
1198,2558498,2016,37178,17.226562,D_PROVISIONAL
1200,2558500,2016,37177,17.222656,D_PROVISIONAL
1202,2558502,2016,37174,17.210938,D_PROVISIONAL
1204,2558504,2016,37170,17.195312,D_PROVISIONAL
1206,2558506,2016,37166,17.179688,D_PROVISIONAL
1208,2558508,2016,37162,17.164062,D_PROVISIONAL
1210,2558510,2016,37158,17.148438,D_PROVISIONAL
1212,2558512,2016,37154,17.132812,D_PROVISIONAL
1214,2558514,2016,37150,17.117188,D_PROVISIONAL
1216,2558516,2016,37146,17.101562,D_PROVISIONAL
1218,2558518,2016,37141,17.082031,D_PROVISIONAL
1220,2558520,2016,37137,17.066406,D_PROVISIONAL
1222,2558522,2016,37132,17.046875,D_PROVISIONAL
1224,2558524,2016,37128,17.031250,D_PROVISIONAL
1226,2558526,2016,37123,17.011719,D_PROVISIONAL
1228,2558528,2016,37098,16.914062,D_PROVISIONAL
1230,2558530,2016,37040,16.687500,D_PROVISIONAL
1232,2558532,2016,36981,16.457031,D_PROVISIONAL
1234,2558534,2016,36922,16.226562,D_PROVISIONAL
1236,2558536,2016,36864,16.000000,D_PROVISIONAL
1238,2558538,2016,36805,15.769531,D_PROVISIONAL
1240,2558540,2016,36746,15.539062,D_PROVISIONAL
1242,2558542,2016,36687,15.308594,D_PROVISIONAL
1244,2558544,2016,36628,15.078125,D_PROVISIONAL
1246,2558546,2016,36568,14.843750,D_PROVISIONAL
1248,2558548,2016,36509,14.613281,D_PROVISIONAL
1250,2558550,2016,36450,14.382812,D_PROVISIONAL
1252,2558552,2016,36390,14.148438,D_PROVISIONAL
1254,2558554,2016,36330,13.914062,D_PROVISIONAL
1256,2558556,2016,36303,13.808594,D_PROVISIONAL
1258,2558558,2016,36303,13.808594,D_PROVISIONAL
1260,2558560,2016,36304,13.812500,D_PROVISIONAL
1262,2558562,2016,36305,13.816406,D_PROVISIONAL
1264,2558564,2016,36306,13.820312,D_PROVISIONAL
1266,2558566,2016,36308,13.828125,D_PROVISIONAL
1268,2558568,2016,36309,13.832031,D_PROVISIONAL
1270,2558570,2016,36310,13.835938,D_PROVISIONAL
1272,2558572,2016,36312,13.843750,D_PROVISIONAL
1274,2558574,2016,36314,13.851562,D_PROVISIONAL
1276,2558576,2016,36316,13.859375,D_PROVISIONAL
1278,2558578,2016,36318,13.867188,D_PROVISIONAL
1280,2558580,2016,36321,13.878906,D_PROVISIONAL
1282,2558582,2016,36323,13.886719,D_PROVISIONAL
1284,2558584,2016,36302,13.804688,D_PROVISIONAL
1286,2558586,2016,36270,13.679688,D_PROVISIONAL
1288,2558588,2016,36237,13.550781,D_PROVISIONAL
1290,2558590,2016,36205,13.425781,D_PROVISIONAL
1292,2558592,2016,36173,13.300781,D_PROVISIONAL
1294,2558594,2016,36142,13.179688,D_PROVISIONAL
1296,2558596,2016,36110,13.054688,D_PROVISIONAL
1298,2558598,2016,36078,12.929688,D_PROVISIONAL
1300,2558600,2016,36047,12.808594,D_PROVISIONAL
1302,2558602,2016,36016,12.687500,D_PROVISIONAL
1304,2558604,2016,35984,12.562500,D_PROVISIONAL
1306,2558606,2016,35953,12.441406,D_PROVISIONAL
1308,2558608,2016,35922,12.320312,D_PROVISIONAL
1310,2558610,2016,35891,12.199219,D_PROVISIONAL
1312,2558612,2016,35881,12.160156,D_PROVISIONAL
1314,2558614,2016,35875,12.136719,D_PROVISIONAL
1316,2558616,2016,35869,12.113281,D_PROVISIONAL
1318,2558618,2016,35862,12.085938,D_PROVISIONAL
1320,2558620,2016,35856,12.062500,D_PROVISIONAL
1322,2558622,2016,35850,12.039062,D_PROVISIONAL
1324,2558624,2016,35843,12.011719,D_PROVISIONAL
1326,2558626,2016,35836,11.984375,D_PROVISIONAL
1328,2558628,2016,35829,11.957031,D_PROVISIONAL
1330,2558630,2016,35822,11.929688,D_PROVISIONAL
1332,2558632,2016,35815,11.902344,D_PROVISIONAL
1334,2558634,2016,35808,11.875000,D_PROVISIONAL
1336,2558636,2016,35801,11.847656,D_PROVISIONAL
1338,2558638,2016,35794,11.820312,D_PROVISIONAL
1340,2558640,2016,35795,11.824219,D_PROVISIONAL
1342,2558642,2016,35797,11.832031,D_PROVISIONAL
1344,2558644,2016,35799,11.839844,D_PROVISIONAL
1346,2558646,2016,35800,11.843750,D_PROVISIONAL
1348,2558648,2016,35802,11.851562,D_PROVISIONAL
1350,2558650,2016,35803,11.855469,D_PROVISIONAL
1352,2558652,2016,35805,11.863281,D_PROVISIONAL
1354,2558654,2016,35806,11.867188,D_PROVISIONAL
1356,2558656,2016,35807,11.871094,D_PROVISIONAL
1358,2558658,2016,35809,11.878906,D_PROVISIONAL
1360,2558660,2016,35810,11.882812,D_PROVISIONAL
1362,2558662,2016,35812,11.890625,D_PROVISIONAL
1364,2558664,2016,35813,11.894531,D_PROVISIONAL
1366,2558666,2016,35814,11.898438,D_PROVISIONAL
1368,2558668,2016,35813,11.894531,D_PROVISIONAL
1370,2558670,2016,35812,11.890625,D_PROVISIONAL
1372,2558672,2016,35811,11.886719,D_PROVISIONAL
1374,2558674,2016,35810,11.882812,D_PROVISIONAL
1376,2558676,2016,35809,11.878906,D_PROVISIONAL
1378,2558678,2016,35808,11.875000,D_PROVISIONAL
1380,2558680,2016,35807,11.871094,D_PROVISIONAL
1382,2558682,2016,35806,11.867188,D_PROVISIONAL
1384,2558684,2016,35805,11.863281,D_PROVISIONAL
1386,2558686,2016,35804,11.859375,D_PROVISIONAL
1388,2558688,2016,35803,11.855469,D_PROVISIONAL
1390,2558690,2016,35802,11.851562,D_PROVISIONAL
1392,2558692,2016,35801,11.847656,D_PROVISIONAL
1394,2558694,2016,35799,11.839844,D_PROVISIONAL
1396,2558696,2016,35796,11.828125,D_PROVISIONAL
1398,2558698,2016,35794,11.820312,D_PROVISIONAL
1400,2558700,2016,35791,11.808594,D_PROVISIONAL
1402,2558702,2016,35788,11.796875,D_PROVISIONAL
1404,2558704,2016,35786,11.789062,D_PROVISIONAL
1406,2558706,2016,35783,11.777344,D_PROVISIONAL
1408,2558708,2016,35780,11.765625,D_PROVISIONAL
1410,2558710,2016,35778,11.757812,D_PROVISIONAL
1412,2558712,2016,35775,11.746094,D_PROVISIONAL
1414,2558714,2016,35773,11.738281,D_PROVISIONAL
1416,2558716,2016,35771,11.730469,D_PROVISIONAL
1418,2558718,2016,35768,11.718750,D_PROVISIONAL
1420,2558720,2016,35766,11.710938,D_PROVISIONAL
1422,2558722,2016,35749,11.644531,D_PROVISIONAL
1424,2558724,2016,35714,11.507812,D_PROVISIONAL
1426,2558726,2016,35679,11.371094,D_PROVISIONAL
1428,2558728,2016,35644,11.234375,D_PROVISIONAL
1430,2558730,2016,35609,11.097656,D_PROVISIONAL
1432,2558732,2016,35574,10.960938,D_PROVISIONAL
1434,2558734,2016,35539,10.824219,D_PROVISIONAL
1436,2558736,2016,35503,10.683594,D_PROVISIONAL
1438,2558738,2016,35468,10.546875,D_PROVISIONAL
1440,2558740,2016,35433,10.410156,D_PROVISIONAL
1442,2558742,2016,35398,10.273438,D_PROVISIONAL
1444,2558744,2016,35362,10.132812,D_PROVISIONAL
1446,2558746,2016,35327,9.996094,D_PROVISIONAL
1448,2558748,2016,35291,9.855469,D_PROVISIONAL
1450,2558750,2016,35267,9.761719,D_PROVISIONAL
1452,2558752,2016,35252,9.703125,D_PROVISIONAL
1454,2558754,2016,35235,9.636719,D_PROVISIONAL
1456,2558756,2016,35219,9.574219,D_PROVISIONAL
1458,2558758,2016,35203,9.511719,D_PROVISIONAL
1460,2558760,2016,35186,9.445312,D_PROVISIONAL
1462,2558762,2016,35169,9.378906,D_PROVISIONAL
1464,2558764,2016,35152,9.312500,D_PROVISIONAL
1466,2558766,2016,35135,9.246094,D_PROVISIONAL
1468,2558768,2016,35117,9.175781,D_PROVISIONAL
1470,2558770,2016,35099,9.105469,D_PROVISIONAL
1472,2558772,2016,35081,9.035156,D_PROVISIONAL
1474,2558774,2016,35063,8.964844,D_PROVISIONAL
1476,2558776,2016,35045,8.894531,D_PROVISIONAL
1478,2558778,2016,35087,9.058594,D_PROVISIONAL
1480,2558780,2016,35150,9.304688,D_PROVISIONAL
1482,2558782,2016,35213,9.550781,D_PROVISIONAL
1484,2558784,2016,35276,9.796875,D_PROVISIONAL
1486,2558786,2016,35340,10.046875,D_PROVISIONAL
1488,2558788,2016,35403,10.292969,D_PROVISIONAL
1490,2558790,2016,35466,10.539062,D_PROVISIONAL
1492,2558792,2016,35529,10.785156,D_PROVISIONAL
1494,2558794,2016,35593,11.035156,D_PROVISIONAL
1496,2558796,2016,35656,11.281250,D_PROVISIONAL
1498,2558798,2016,35719,11.527344,D_PROVISIONAL
1500,2558800,2016,35783,11.777344,D_PROVISIONAL
1502,2558802,2016,35846,12.023438,D_PROVISIONAL
1504,2558804,2016,35910,12.273438,D_PROVISIONAL
1506,2558806,2016,35900,12.234375,D_PROVISIONAL
1508,2558808,2016,35881,12.160156,D_PROVISIONAL
1510,2558810,2016,35863,12.089844,D_PROVISIONAL
1512,2558812,2016,35844,12.015625,D_PROVISIONAL
1514,2558814,2016,35826,11.945312,D_PROVISIONAL
1516,2558816,2016,35808,11.875000,D_PROVISIONAL
1518,2558818,2016,35789,11.800781,D_PROVISIONAL
1520,2558820,2016,35771,11.730469,D_PROVISIONAL
1522,2558822,2016,35753,11.660156,D_PROVISIONAL
1524,2558824,2016,35735,11.589844,D_PROVISIONAL
1526,2558826,2016,35717,11.519531,D_PROVISIONAL
1528,2558828,2016,35700,11.453125,D_PROVISIONAL
1530,2558830,2016,35682,11.382812,D_PROVISIONAL
1532,2558832,2016,35664,11.312500,D_PROVISIONAL
1534,2558834,2016,35646,11.242188,D_PROVISIONAL
1536,2558836,2016,35628,11.171875,D_PROVISIONAL
1538,2558838,2016,35610,11.101562,D_PROVISIONAL
1540,2558840,2016,35592,11.031250,D_PROVISIONAL
1542,2558842,2016,35574,10.960938,D_PROVISIONAL
1544,2558844,2016,35556,10.890625,D_PROVISIONAL
1546,2558846,2016,35539,10.824219,D_PROVISIONAL
1548,2558848,2016,35521,10.753906,D_PROVISIONAL
1550,2558850,2016,35504,10.687500,D_PROVISIONAL
1552,2558852,2016,35487,10.621094,D_PROVISIONAL
1554,2558854,2016,35470,10.554688,D_PROVISIONAL
1556,2558856,2016,35452,10.484375,D_PROVISIONAL
1558,2558858,2016,35435,10.417969,D_PROVISIONAL
1560,2558860,2016,35463,10.527344,D_PROVISIONAL
1562,2558862,2016,35669,11.332031,D_PROVISIONAL
1564,2558864,2016,35875,12.136719,D_PROVISIONAL
1566,2558866,2016,36082,12.945312,D_PROVISIONAL
1568,2558868,2016,36287,13.746094,D_PROVISIONAL
1570,2558870,2016,36493,14.550781,D_PROVISIONAL
1572,2558872,2016,36699,15.355469,D_PROVISIONAL
1574,2558874,2016,36904,16.156250,D_PROVISIONAL
1576,2558876,2016,37109,16.957031,D_PROVISIONAL
1578,2558878,2016,37314,17.757812,D_PROVISIONAL
1580,2558880,2016,37519,18.558594,D_PROVISIONAL
1582,2558882,2016,37724,19.359375,D_PROVISIONAL
1584,2558884,2016,37928,20.156250,D_PROVISIONAL
1586,2558886,2016,38132,20.953125,D_PROVISIONAL
1588,2558888,2016,38258,21.445312,D_PROVISIONAL
1590,2558890,2016,38239,21.371094,D_PROVISIONAL
1592,2558892,2016,38219,21.292969,D_PROVISIONAL
1594,2558894,2016,38200,21.218750,D_PROVISIONAL
1596,2558896,2016,38180,21.140625,D_PROVISIONAL
1598,2558898,2016,38160,21.062500,D_PROVISIONAL
1600,2558900,2016,38140,20.984375,D_PROVISIONAL
1602,2558902,2016,38121,20.910156,D_PROVISIONAL
1604,2558904,2016,38101,20.832031,D_PROVISIONAL
1606,2558906,2016,38081,20.753906,D_PROVISIONAL
1608,2558908,2016,38061,20.675781,D_PROVISIONAL
1610,2558910,2016,38041,20.597656,D_PROVISIONAL
1612,2558912,2016,38021,20.519531,D_PROVISIONAL
1614,2558914,2016,38001,20.441406,D_PROVISIONAL
1616,2558916,2016,37968,20.312500,D_PROVISIONAL
1618,2558918,2016,37921,20.128906,D_PROVISIONAL
1620,2558920,2016,37874,19.945312,D_PROVISIONAL
1622,2558922,2016,37828,19.765625,D_PROVISIONAL
1624,2558924,2016,37781,19.582031,D_PROVISIONAL
1626,2558926,2016,37734,19.398438,D_PROVISIONAL
1628,2558928,2016,37688,19.218750,D_PROVISIONAL
1630,2558930,2016,37641,19.035156,D_PROVISIONAL
1632,2558932,2016,37595,18.855469,D_PROVISIONAL
1634,2558934,2016,37548,18.671875,D_PROVISIONAL
1636,2558936,2016,37502,18.492188,D_PROVISIONAL
1638,2558938,2016,37456,18.312500,D_PROVISIONAL
1640,2558940,2016,37410,18.132812,D_PROVISIONAL
1642,2558942,2016,37364,17.953125,D_PROVISIONAL
1644,2558944,2016,37359,17.933594,D_PROVISIONAL
1646,2558946,2016,37376,18.000000,D_PROVISIONAL
1648,2558948,2016,37393,18.066406,D_PROVISIONAL
1650,2558950,2016,37410,18.132812,D_PROVISIONAL
1652,2558952,2016,37427,18.199219,D_PROVISIONAL
1654,2558954,2016,37445,18.269531,D_PROVISIONAL
1656,2558956,2016,37462,18.335938,D_PROVISIONAL
1658,2558958,2016,37480,18.406250,D_PROVISIONAL
1660,2558960,2016,37498,18.476562,D_PROVISIONAL
1662,2558962,2016,37515,18.542969,D_PROVISIONAL
1664,2558964,2016,37533,18.613281,D_PROVISIONAL
1666,2558966,2016,37551,18.683594,D_PROVISIONAL
1668,2558968,2016,37569,18.753906,D_PROVISIONAL
1670,2558970,2016,37587,18.824219,D_PROVISIONAL
1672,2558972,2016,37580,18.796875,D_PROVISIONAL
1674,2558974,2016,37566,18.742188,D_PROVISIONAL
1676,2558976,2016,37552,18.687500,D_PROVISIONAL
1678,2558978,2016,37539,18.636719,D_PROVISIONAL
1680,2558980,2016,37525,18.582031,D_PROVISIONAL
1682,2558982,2016,37511,18.527344,D_PROVISIONAL
1684,2558984,2016,37498,18.476562,D_PROVISIONAL
1686,2558986,2016,37484,18.421875,D_PROVISIONAL
1688,2558988,2016,37470,18.367188,D_PROVISIONAL
1690,2558990,2016,37456,18.312500,D_PROVISIONAL
1692,2558992,2016,37443,18.261719,D_PROVISIONAL
1694,2558994,2016,37429,18.207031,D_PROVISIONAL
1696,2558996,2016,37415,18.152344,D_PROVISIONAL
1698,2558998,2016,37401,18.097656,D_PROVISIONAL
1700,2559000,2016,37425,18.191406,D_PROVISIONAL
1702,2559002,2016,37450,18.289062,D_PROVISIONAL
1704,2559004,2016,37476,18.390625,D_PROVISIONAL
1706,2559006,2016,37501,18.488281,D_PROVISIONAL
1708,2559008,2016,37526,18.585938,D_PROVISIONAL
1710,2559010,2016,37551,18.683594,D_PROVISIONAL
1712,2559012,2016,37576,18.781250,D_PROVISIONAL
1714,2559014,2016,37602,18.882812,D_PROVISIONAL
1716,2559016,2016,37627,18.980469,D_PROVISIONAL
1718,2559018,2016,37652,19.078125,D_PROVISIONAL
1720,2559020,2016,37677,19.175781,D_PROVISIONAL
1722,2559022,2016,37702,19.273438,D_PROVISIONAL
1724,2559024,2016,37727,19.371094,D_PROVISIONAL
1726,2559026,2016,37755,19.480469,D_PROVISIONAL
1728,2559028,2016,37808,19.687500,D_PROVISIONAL
1730,2559030,2016,37860,19.890625,D_PROVISIONAL
1732,2559032,2016,37913,20.097656,D_PROVISIONAL
1734,2559034,2016,37966,20.304688,D_PROVISIONAL
1736,2559036,2016,38019,20.511719,D_PROVISIONAL
1738,2559038,2016,38072,20.718750,D_PROVISIONAL
1740,2559040,2016,38124,20.921875,D_PROVISIONAL
1742,2559042,2016,38177,21.128906,D_PROVISIONAL
1744,2559044,2016,38230,21.335938,D_PROVISIONAL
1746,2559046,2016,38283,21.542969,D_PROVISIONAL
1748,2559048,2016,38336,21.750000,D_PROVISIONAL
1750,2559050,2016,38389,21.957031,D_PROVISIONAL
1752,2559052,2016,38442,22.164062,D_PROVISIONAL
1754,2559054,2016,38468,22.265625,D_PROVISIONAL
1756,2559056,2016,38413,22.050781,D_PROVISIONAL
1758,2559058,2016,38359,21.839844,D_PROVISIONAL
1760,2559060,2016,38304,21.625000,D_PROVISIONAL
1762,2559062,2016,38250,21.414062,D_PROVISIONAL
1764,2559064,2016,38195,21.199219,D_PROVISIONAL
1766,2559066,2016,38141,20.988281,D_PROVISIONAL
1768,2559068,2016,38086,20.773438,D_PROVISIONAL
1770,2559070,2016,38032,20.562500,D_PROVISIONAL
1772,2559072,2016,37977,20.347656,D_PROVISIONAL
1774,2559074,2016,37922,20.132812,D_PROVISIONAL
1776,2559076,2016,37867,19.917969,D_PROVISIONAL
1778,2559078,2016,37812,19.703125,D_PROVISIONAL
1780,2559080,2016,37758,19.492188,D_PROVISIONAL
1782,2559082,2016,37686,19.210938,D_PROVISIONAL
1784,2559084,2016,37591,18.839844,D_PROVISIONAL
1786,2559086,2016,37496,18.468750,D_PROVISIONAL
1788,2559088,2016,37402,18.101562,D_PROVISIONAL
1790,2559090,2016,37307,17.730469,D_PROVISIONAL
1792,2559092,2016,37212,17.359375,D_PROVISIONAL
1794,2559094,2016,37118,16.992188,D_PROVISIONAL
1796,2559096,2016,37023,16.621094,D_PROVISIONAL
1798,2559098,2016,36928,16.250000,D_PROVISIONAL
1800,2559100,2016,36834,15.882812,D_PROVISIONAL
1802,2559102,2016,36739,15.511719,D_PROVISIONAL
1804,2559104,2016,36645,15.144531,D_PROVISIONAL
1806,2559106,2016,36551,14.777344,D_PROVISIONAL
1808,2559108,2016,36457,14.410156,D_PROVISIONAL
1810,2559110,2016,36399,14.183594,D_PROVISIONAL
1812,2559112,2016,36370,14.070312,D_PROVISIONAL
1814,2559114,2016,36341,13.957031,D_PROVISIONAL
1816,2559116,2016,36312,13.843750,D_PROVISIONAL
1818,2559118,2016,36283,13.730469,D_PROVISIONAL
1820,2559120,2016,36255,13.621094,D_PROVISIONAL
1822,2559122,2016,36226,13.507812,D_PROVISIONAL
1824,2559124,2016,36198,13.398438,D_PROVISIONAL
1826,2559126,2016,36170,13.289062,D_PROVISIONAL
1828,2559128,2016,36142,13.179688,D_PROVISIONAL
1830,2559130,2016,36114,13.070312,D_PROVISIONAL
1832,2559132,2016,36086,12.960938,D_PROVISIONAL
1834,2559134,2016,36058,12.851562,D_PROVISIONAL
1836,2559136,2016,36030,12.742188,D_PROVISIONAL
1838,2559138,2016,36040,12.781250,D_PROVISIONAL
1840,2559140,2016,36064,12.875000,D_PROVISIONAL
1842,2559142,2016,36089,12.972656,D_PROVISIONAL
1844,2559144,2016,36114,13.070312,D_PROVISIONAL
1846,2559146,2016,36139,13.167969,D_PROVISIONAL
1848,2559148,2016,36164,13.265625,D_PROVISIONAL
1850,2559150,2016,36189,13.363281,D_PROVISIONAL
1852,2559152,2016,36214,13.460938,D_PROVISIONAL
1854,2559154,2016,36239,13.558594,D_PROVISIONAL
1856,2559156,2016,36264,13.656250,D_PROVISIONAL
1858,2559158,2016,36290,13.757812,D_PROVISIONAL
1860,2559160,2016,36315,13.855469,D_PROVISIONAL
1862,2559162,2016,36341,13.957031,D_PROVISIONAL
1864,2559164,2016,36366,14.054688,D_PROVISIONAL
1866,2559166,2016,36386,14.132812,D_PROVISIONAL
1868,2559168,2016,36405,14.207031,D_PROVISIONAL
1870,2559170,2016,36423,14.277344,D_PROVISIONAL
1872,2559172,2016,36442,14.351562,D_PROVISIONAL
1874,2559174,2016,36461,14.425781,D_PROVISIONAL
1876,2559176,2016,36480,14.500000,D_PROVISIONAL
1878,2559178,2016,36499,14.574219,D_PROVISIONAL
1880,2559180,2016,36518,14.648438,D_PROVISIONAL
1882,2559182,2016,36537,14.722656,D_PROVISIONAL
1884,2559184,2016,36557,14.800781,D_PROVISIONAL
1886,2559186,2016,36576,14.875000,D_PROVISIONAL
1888,2559188,2016,36595,14.949219,D_PROVISIONAL
1890,2559190,2016,36615,15.027344,D_PROVISIONAL
1892,2559192,2016,36634,15.101562,D_PROVISIONAL
1894,2559194,2016,36649,15.160156,D_PROVISIONAL
1896,2559196,2016,36663,15.214844,D_PROVISIONAL
1898,2559198,2016,36678,15.273438,D_PROVISIONAL
1900,2559200,2016,36692,15.328125,D_PROVISIONAL
1902,2559202,2016,36706,15.382812,D_PROVISIONAL
1904,2559204,2016,36720,15.437500,D_PROVISIONAL
1906,2559206,2016,36734,15.492188,D_PROVISIONAL
1908,2559208,2016,36748,15.546875,D_PROVISIONAL
1910,2559210,2016,36762,15.601562,D_PROVISIONAL
1912,2559212,2016,36775,15.652344,D_PROVISIONAL
1914,2559214,2016,36789,15.707031,D_PROVISIONAL
1916,2559216,2016,36802,15.757812,D_PROVISIONAL
1918,2559218,2016,36816,15.812500,D_PROVISIONAL
1920,2559220,2016,36832,15.875000,D_PROVISIONAL
1922,2559222,2016,36865,16.003906,D_PROVISIONAL
1924,2559224,2016,36898,16.132812,D_PROVISIONAL
1926,2559226,2016,36931,16.261719,D_PROVISIONAL
1928,2559228,2016,36964,16.390625,D_PROVISIONAL
1930,2559230,2016,36997,16.519531,D_PROVISIONAL
1932,2559232,2016,37029,16.644531,D_PROVISIONAL
1934,2559234,2016,37062,16.773438,D_PROVISIONAL
1936,2559236,2016,37094,16.898438,D_PROVISIONAL
1938,2559238,2016,37127,17.027344,D_PROVISIONAL
1940,2559240,2016,37159,17.152344,D_PROVISIONAL
1942,2559242,2016,37191,17.277344,D_PROVISIONAL
1944,2559244,2016,37224,17.406250,D_PROVISIONAL
1946,2559246,2016,37256,17.531250,D_PROVISIONAL
1948,2559248,2016,37295,17.683594,D_PROVISIONAL
1950,2559250,2016,37350,17.898438,D_PROVISIONAL
1952,2559252,2016,37406,18.117188,D_PROVISIONAL
1954,2559254,2016,37461,18.332031,D_PROVISIONAL
1956,2559256,2016,37517,18.550781,D_PROVISIONAL
1958,2559258,2016,37572,18.765625,D_PROVISIONAL
1960,2559260,2016,37628,18.984375,D_PROVISIONAL
1962,2559262,2016,37683,19.199219,D_PROVISIONAL
1964,2559264,2016,37739,19.417969,D_PROVISIONAL
1966,2559266,2016,37795,19.636719,D_PROVISIONAL
1968,2559268,2016,37851,19.855469,D_PROVISIONAL
1970,2559270,2016,37907,20.074219,D_PROVISIONAL
1972,2559272,2016,37963,20.292969,D_PROVISIONAL
1974,2559274,2016,38019,20.511719,D_PROVISIONAL
1976,2559276,2016,38008,20.468750,D_PROVISIONAL
1978,2559278,2016,37922,20.132812,D_PROVISIONAL
1980,2559280,2016,37835,19.792969,D_PROVISIONAL
1982,2559282,2016,37748,19.453125,D_PROVISIONAL
1984,2559284,2016,37661,19.113281,D_PROVISIONAL
1986,2559286,2016,37574,18.773438,D_PROVISIONAL
1988,2559288,2016,37486,18.429688,D_PROVISIONAL
1990,2559290,2016,37398,18.085938,D_PROVISIONAL
1992,2559292,2016,37310,17.742188,D_PROVISIONAL
1994,2559294,2016,37222,17.398438,D_PROVISIONAL
1996,2559296,2016,37133,17.050781,D_PROVISIONAL
1998,2559298,2016,37044,16.703125,D_PROVISIONAL
2000,2559300,2016,36955,16.355469,D_PROVISIONAL
2002,2559302,2016,36865,16.003906,D_PROVISIONAL
2004,2559304,2016,36869,16.019531,D_PROVISIONAL
2006,2559306,2016,36930,16.257812,D_PROVISIONAL
2008,2559308,2016,36991,16.496094,D_PROVISIONAL
2010,2559310,2016,37052,16.734375,D_PROVISIONAL
2012,2559312,2016,37114,16.976562,D_PROVISIONAL
2014,2559314,2016,37175,17.214844,D_PROVISIONAL
2016,2559316,2016,37236,17.453125,D_PROVISIONAL
2018,2559318,2016,37298,17.695312,D_PROVISIONAL
2020,2559320,2016,37359,17.933594,D_PROVISIONAL
2022,2559322,2016,37421,18.175781,D_PROVISIONAL
2024,2559324,2016,37483,18.417969,D_PROVISIONAL
2026,2559326,2016,37545,18.660156,D_PROVISIONAL
2028,2559328,2016,37607,18.902344,D_PROVISIONAL
2030,2559330,2016,37669,19.144531,D_PROVISIONAL
2032,2559332,2016,37612,18.921875,D_PROVISIONAL
2034,2559334,2016,37520,18.562500,D_PROVISIONAL
2036,2559336,2016,37427,18.199219,D_PROVISIONAL
2038,2559338,2016,37335,17.839844,D_PROVISIONAL
2040,2559340,2016,37243,17.480469,D_PROVISIONAL
2042,2559342,2016,37152,17.125000,D_PROVISIONAL
2044,2559344,2016,37060,16.765625,D_PROVISIONAL
2046,2559346,2016,36968,16.406250,D_PROVISIONAL
2048,2559348,2016,36876,16.046875,D_PROVISIONAL
2050,2559350,2016,36785,15.691406,D_PROVISIONAL
2052,2559352,2016,36693,15.332031,D_PROVISIONAL
2054,2559354,2016,36602,14.976562,D_PROVISIONAL
2056,2559356,2016,36510,14.617188,D_PROVISIONAL
2058,2559358,2016,36419,14.261719,D_PROVISIONAL
2060,2559360,2016,36319,13.871094,D_PROVISIONAL
2062,2559362,2016,36218,13.476562,D_PROVISIONAL
2064,2559364,2016,36118,13.085938,D_PROVISIONAL
2066,2559366,2016,36017,12.691406,D_PROVISIONAL
2068,2559368,2016,35916,12.296875,D_PROVISIONAL
2070,2559370,2016,35815,11.902344,D_PROVISIONAL
2072,2559372,2016,35715,11.511719,D_PROVISIONAL
2074,2559374,2016,35614,11.117188,D_PROVISIONAL
2076,2559376,2016,35513,10.722656,D_PROVISIONAL
2078,2559378,2016,35412,10.328125,D_PROVISIONAL
2080,2559380,2016,35312,9.937500,D_PROVISIONAL
2082,2559382,2016,35211,9.542969,D_PROVISIONAL
2084,2559384,2016,35110,9.148438,D_PROVISIONAL
2086,2559386,2016,35017,8.785156,D_PROVISIONAL
2088,2559388,2016,35011,8.761719,D_PROVISIONAL
2090,2559390,2016,35005,8.738281,D_PROVISIONAL
2092,2559392,2016,34999,8.714844,D_PROVISIONAL
2094,2559394,2016,34993,8.691406,D_PROVISIONAL
2096,2559396,2016,34987,8.667969,D_PROVISIONAL
2098,2559398,2016,34981,8.644531,D_PROVISIONAL
2100,2559400,2016,34975,8.621094,D_PROVISIONAL
2102,2559402,2016,34969,8.597656,D_PROVISIONAL
2104,2559404,2016,34963,8.574219,D_PROVISIONAL
2106,2559406,2016,34956,8.546875,D_PROVISIONAL
2108,2559408,2016,34950,8.523438,D_PROVISIONAL
2110,2559410,2016,34943,8.496094,D_PROVISIONAL
2112,2559412,2016,34936,8.468750,D_PROVISIONAL
2114,2559414,2016,34938,8.476562,D_PROVISIONAL
2116,2559416,2016,34972,8.609375,D_PROVISIONAL
2118,2559418,2016,35005,8.738281,D_PROVISIONAL
2120,2559420,2016,35037,8.863281,D_PROVISIONAL
2122,2559422,2016,35070,8.992188,D_PROVISIONAL
2124,2559424,2016,35103,9.121094,D_PROVISIONAL
2126,2559426,2016,35135,9.246094,D_PROVISIONAL
2128,2559428,2016,35168,9.375000,D_PROVISIONAL
2130,2559430,2016,35200,9.500000,D_PROVISIONAL
2132,2559432,2016,35232,9.625000,D_PROVISIONAL
2134,2559434,2016,35265,9.753906,D_PROVISIONAL
2136,2559436,2016,35297,9.878906,D_PROVISIONAL
2138,2559438,2016,35328,10.000000,D_PROVISIONAL
2140,2559440,2016,35360,10.125000,D_PROVISIONAL
2142,2559442,2016,35383,10.214844,D_PROVISIONAL
2144,2559444,2016,35390,10.242188,D_PROVISIONAL
2146,2559446,2016,35397,10.269531,D_PROVISIONAL
2148,2559448,2016,35404,10.296875,D_PROVISIONAL
2150,2559450,2016,35412,10.328125,D_PROVISIONAL
2152,2559452,2016,35419,10.355469,D_PROVISIONAL
2154,2559454,2016,35427,10.386719,D_PROVISIONAL
2156,2559456,2016,35434,10.414062,D_PROVISIONAL
2158,2559458,2016,35442,10.445312,D_PROVISIONAL
2160,2559460,2016,35450,10.476562,D_PROVISIONAL
2162,2559462,2016,35457,10.503906,D_PROVISIONAL
2164,2559464,2016,35465,10.535156,D_PROVISIONAL
2166,2559466,2016,35473,10.566406,D_PROVISIONAL
2168,2559468,2016,35481,10.597656,D_PROVISIONAL
2170,2559470,2016,35483,10.605469,D_PROVISIONAL
2172,2559472,2016,35481,10.597656,D_PROVISIONAL
2174,2559474,2016,35479,10.589844,D_PROVISIONAL
2176,2559476,2016,35476,10.578125,D_PROVISIONAL
2178,2559478,2016,35474,10.570312,D_PROVISIONAL
2180,2559480,2016,35473,10.566406,D_PROVISIONAL
2182,2559482,2016,35471,10.558594,D_PROVISIONAL
2184,2559484,2016,35470,10.554688,D_PROVISIONAL
2186,2559486,2016,35469,10.550781,D_PROVISIONAL
2188,2559488,2016,35467,10.542969,D_PROVISIONAL
2190,2559490,2016,35467,10.542969,D_PROVISIONAL
2192,2559492,2016,35466,10.539062,D_PROVISIONAL
2194,2559494,2016,35465,10.535156,D_PROVISIONAL
2196,2559496,2016,35465,10.535156,D_PROVISIONAL
2198,2559498,2016,35447,10.464844,D_PROVISIONAL
2200,2559500,2016,35420,10.359375,D_PROVISIONAL
2202,2559502,2016,35393,10.253906,D_PROVISIONAL
2204,2559504,2016,35366,10.148438,D_PROVISIONAL
2206,2559506,2016,35340,10.046875,D_PROVISIONAL
2208,2559508,2016,35313,9.941406,D_PROVISIONAL
2210,2559510,2016,35286,9.835938,D_PROVISIONAL
2212,2559512,2016,35259,9.730469,D_PROVISIONAL
2214,2559514,2016,35232,9.625000,D_PROVISIONAL
2216,2559516,2016,35205,9.519531,D_PROVISIONAL
2218,2559518,2016,35178,9.414062,D_PROVISIONAL
2220,2559520,2016,35151,9.308594,D_PROVISIONAL
2222,2559522,2016,35124,9.203125,D_PROVISIONAL
2224,2559524,2016,35097,9.097656,D_PROVISIONAL
2226,2559526,2016,35094,9.085938,D_PROVISIONAL
2228,2559528,2016,35094,9.085938,D_PROVISIONAL
2230,2559530,2016,35095,9.089844,D_PROVISIONAL
2232,2559532,2016,35096,9.093750,D_PROVISIONAL
2234,2559534,2016,35097,9.097656,D_PROVISIONAL
2236,2559536,2016,35097,9.097656,D_PROVISIONAL
2238,2559538,2016,35098,9.101562,D_PROVISIONAL
2240,2559540,2016,35098,9.101562,D_PROVISIONAL
2242,2559542,2016,35098,9.101562,D_PROVISIONAL
2244,2559544,2016,35098,9.101562,D_PROVISIONAL
2246,2559546,2016,35098,9.101562,D_PROVISIONAL
2248,2559548,2016,35098,9.101562,D_PROVISIONAL
2250,2559550,2016,35098,9.101562,D_PROVISIONAL
2252,2559552,2016,35097,9.097656,D_PROVISIONAL
2254,2559554,2016,35156,9.328125,D_PROVISIONAL
2256,2559556,2016,35216,9.562500,D_PROVISIONAL
2258,2559558,2016,35276,9.796875,D_PROVISIONAL
2260,2559560,2016,35337,10.035156,D_PROVISIONAL
2262,2559562,2016,35397,10.269531,D_PROVISIONAL
2264,2559564,2016,35457,10.503906,D_PROVISIONAL
2266,2559566,2016,35518,10.742188,D_PROVISIONAL
2268,2559568,2016,35579,10.980469,D_PROVISIONAL
2270,2559570,2016,35639,11.214844,D_PROVISIONAL
2272,2559572,2016,35700,11.453125,D_PROVISIONAL
2274,2559574,2016,35761,11.691406,D_PROVISIONAL
2276,2559576,2016,35823,11.933594,D_PROVISIONAL
2278,2559578,2016,35884,12.171875,D_PROVISIONAL
2280,2559580,2016,35953,12.441406,D_PROVISIONAL
2282,2559582,2016,36067,12.886719,D_PROVISIONAL
2284,2559584,2016,36182,13.335938,D_PROVISIONAL
2286,2559586,2016,36296,13.781250,D_PROVISIONAL
2288,2559588,2016,36411,14.230469,D_PROVISIONAL
2290,2559590,2016,36525,14.675781,D_PROVISIONAL
2292,2559592,2016,36640,15.125000,D_PROVISIONAL
2294,2559594,2016,36755,15.574219,D_PROVISIONAL
2296,2559596,2016,36869,16.019531,D_PROVISIONAL
2298,2559598,2016,36984,16.468750,D_PROVISIONAL
2300,2559600,2016,37099,16.917969,D_PROVISIONAL
2302,2559602,2016,37214,17.367188,D_PROVISIONAL
2304,2559604,2016,37328,17.812500,D_PROVISIONAL
2306,2559606,2016,37443,18.261719,D_PROVISIONAL
2308,2559608,2016,37530,18.601562,D_PROVISIONAL
2310,2559610,2016,37549,18.675781,D_PROVISIONAL
2312,2559612,2016,37568,18.750000,D_PROVISIONAL
2314,2559614,2016,37587,18.824219,D_PROVISIONAL
2316,2559616,2016,37606,18.898438,D_PROVISIONAL
2318,2559618,2016,37624,18.968750,D_PROVISIONAL
2320,2559620,2016,37643,19.042969,D_PROVISIONAL
2322,2559622,2016,37662,19.117188,D_PROVISIONAL
2324,2559624,2016,37681,19.191406,D_PROVISIONAL
2326,2559626,2016,37700,19.265625,D_PROVISIONAL
2328,2559628,2016,37719,19.339844,D_PROVISIONAL
2330,2559630,2016,37738,19.414062,D_PROVISIONAL
2332,2559632,2016,37756,19.484375,D_PROVISIONAL
2334,2559634,2016,37775,19.558594,D_PROVISIONAL
2336,2559636,2016,37785,19.597656,D_PROVISIONAL
2338,2559638,2016,37784,19.593750,D_PROVISIONAL
2340,2559640,2016,37784,19.593750,D_PROVISIONAL
2342,2559642,2016,37783,19.589844,D_PROVISIONAL
2344,2559644,2016,37783,19.589844,D_PROVISIONAL
2346,2559646,2016,37782,19.585938,D_PROVISIONAL
2348,2559648,2016,37781,19.582031,D_PROVISIONAL
2350,2559650,2016,37780,19.578125,D_PROVISIONAL
2352,2559652,2016,37779,19.574219,D_PROVISIONAL
2354,2559654,2016,37778,19.570312,D_PROVISIONAL
2356,2559656,2016,37777,19.566406,D_PROVISIONAL
2358,2559658,2016,37776,19.562500,D_PROVISIONAL
2360,2559660,2016,37774,19.554688,D_PROVISIONAL
2362,2559662,2016,37773,19.550781,D_PROVISIONAL
2364,2559664,2016,37750,19.460938,D_PROVISIONAL
2366,2559666,2016,37713,19.316406,D_PROVISIONAL
2368,2559668,2016,37676,19.171875,D_PROVISIONAL
2370,2559670,2016,37639,19.027344,D_PROVISIONAL
2372,2559672,2016,37602,18.882812,D_PROVISIONAL
2374,2559674,2016,37565,18.738281,D_PROVISIONAL
2376,2559676,2016,37528,18.593750,D_PROVISIONAL
2378,2559678,2016,37491,18.449219,D_PROVISIONAL
2380,2559680,2016,37455,18.308594,D_PROVISIONAL
2382,2559682,2016,37418,18.164062,D_PROVISIONAL
2384,2559684,2016,37381,18.019531,D_PROVISIONAL
2386,2559686,2016,37345,17.878906,D_PROVISIONAL
2388,2559688,2016,37308,17.734375,D_PROVISIONAL
2390,2559690,2016,37272,17.593750,D_PROVISIONAL
2392,2559692,2016,37249,17.503906,D_PROVISIONAL
2394,2559694,2016,37230,17.429688,D_PROVISIONAL
2396,2559696,2016,37212,17.359375,D_PROVISIONAL
2398,2559698,2016,37194,17.289062,D_PROVISIONAL
2400,2559700,2016,37176,17.218750,D_PROVISIONAL
2402,2559702,2016,37158,17.148438,D_PROVISIONAL
2404,2559704,2016,37140,17.078125,D_PROVISIONAL
2406,2559706,2016,37122,17.007812,D_PROVISIONAL
2408,2559708,2016,37104,16.937500,D_PROVISIONAL
2410,2559710,2016,37086,16.867188,D_PROVISIONAL
2412,2559712,2016,37068,16.796875,D_PROVISIONAL
2414,2559714,2016,37050,16.726562,D_PROVISIONAL
2416,2559716,2016,37032,16.656250,D_PROVISIONAL
2418,2559718,2016,37014,16.585938,D_PROVISIONAL
2420,2559720,2016,37041,16.691406,D_PROVISIONAL
2422,2559722,2016,37073,16.816406,D_PROVISIONAL
2424,2559724,2016,37105,16.941406,D_PROVISIONAL
2426,2559726,2016,37138,17.070312,D_PROVISIONAL
2428,2559728,2016,37170,17.195312,D_PROVISIONAL
2430,2559730,2016,37203,17.324219,D_PROVISIONAL
2432,2559732,2016,37236,17.453125,D_PROVISIONAL
2434,2559734,2016,37270,17.585938,D_PROVISIONAL
2436,2559736,2016,37303,17.714844,D_PROVISIONAL
2438,2559738,2016,37337,17.847656,D_PROVISIONAL
2440,2559740,2016,37371,17.980469,D_PROVISIONAL
2442,2559742,2016,37405,18.113281,D_PROVISIONAL
2444,2559744,2016,37439,18.246094,D_PROVISIONAL
2446,2559746,2016,37472,18.375000,D_PROVISIONAL
2448,2559748,2016,37475,18.386719,D_PROVISIONAL
2450,2559750,2016,37478,18.398438,D_PROVISIONAL
2452,2559752,2016,37481,18.410156,D_PROVISIONAL
2454,2559754,2016,37483,18.417969,D_PROVISIONAL
2456,2559756,2016,37486,18.429688,D_PROVISIONAL
2458,2559758,2016,37489,18.441406,D_PROVISIONAL
2460,2559760,2016,37492,18.453125,D_PROVISIONAL
2462,2559762,2016,37495,18.464844,D_PROVISIONAL
2464,2559764,2016,37498,18.476562,D_PROVISIONAL
2466,2559766,2016,37501,18.488281,D_PROVISIONAL
2468,2559768,2016,37504,18.500000,D_PROVISIONAL
2470,2559770,2016,37507,18.511719,D_PROVISIONAL
2472,2559772,2016,37509,18.519531,D_PROVISIONAL
2474,2559774,2016,37512,18.531250,D_PROVISIONAL
2476,2559776,2016,37513,18.535156,D_PROVISIONAL
2478,2559778,2016,37514,18.539062,D_PROVISIONAL
2480,2559780,2016,37514,18.539062,D_PROVISIONAL
2482,2559782,2016,37515,18.542969,D_PROVISIONAL
2484,2559784,2016,37515,18.542969,D_PROVISIONAL
2486,2559786,2016,37516,18.546875,D_PROVISIONAL
2488,2559788,2016,37516,18.546875,D_PROVISIONAL
2490,2559790,2016,37515,18.542969,D_PROVISIONAL
2492,2559792,2016,37515,18.542969,D_PROVISIONAL
2494,2559794,2016,37515,18.542969,D_PROVISIONAL
2496,2559796,2016,37514,18.539062,D_PROVISIONAL
2498,2559798,2016,37514,18.539062,D_PROVISIONAL
2500,2559800,2016,37513,18.535156,D_PROVISIONAL
2502,2559802,2016,37514,18.539062,D_PROVISIONAL
2504,2559804,2016,37521,18.566406,D_PROVISIONAL
2506,2559806,2016,37528,18.593750,D_PROVISIONAL
2508,2559808,2016,37535,18.621094,D_PROVISIONAL
2510,2559810,2016,37541,18.644531,D_PROVISIONAL
2512,2559812,2016,37548,18.671875,D_PROVISIONAL
2514,2559814,2016,37554,18.695312,D_PROVISIONAL
2516,2559816,2016,37561,18.722656,D_PROVISIONAL
2518,2559818,2016,37567,18.746094,D_PROVISIONAL
2520,2559820,2016,37573,18.769531,D_PROVISIONAL
2522,2559822,2016,37580,18.796875,D_PROVISIONAL
2524,2559824,2016,37586,18.820312,D_PROVISIONAL
2526,2559826,2016,37592,18.843750,D_PROVISIONAL
2528,2559828,2016,37598,18.867188,D_PROVISIONAL
2530,2559830,2016,37596,18.859375,D_PROVISIONAL
2532,2559832,2016,37585,18.816406,D_PROVISIONAL
2534,2559834,2016,37574,18.773438,D_PROVISIONAL
2536,2559836,2016,37563,18.730469,D_PROVISIONAL
2538,2559838,2016,37552,18.687500,D_PROVISIONAL
2540,2559840,2016,37541,18.644531,D_PROVISIONAL
2542,2559842,2016,37530,18.601562,D_PROVISIONAL
2544,2559844,2016,37519,18.558594,D_PROVISIONAL
2546,2559846,2016,37508,18.515625,D_PROVISIONAL
2548,2559848,2016,37497,18.472656,D_PROVISIONAL
2550,2559850,2016,37487,18.433594,D_PROVISIONAL
2552,2559852,2016,37476,18.390625,D_PROVISIONAL
2554,2559854,2016,37465,18.347656,D_PROVISIONAL
2556,2559856,2016,37454,18.304688,D_PROVISIONAL
2558,2559858,2016,37491,18.449219,D_PROVISIONAL
2560,2559860,2016,37553,18.691406,D_PROVISIONAL
2562,2559862,2016,37615,18.933594,D_PROVISIONAL
2564,2559864,2016,37677,19.175781,D_PROVISIONAL
2566,2559866,2016,37739,19.417969,D_PROVISIONAL
2568,2559868,2016,37801,19.660156,D_PROVISIONAL
2570,2559870,2016,37862,19.898438,D_PROVISIONAL
2572,2559872,2016,37923,20.136719,D_PROVISIONAL
2574,2559874,2016,37984,20.375000,D_PROVISIONAL
2576,2559876,2016,38045,20.613281,D_PROVISIONAL
2578,2559878,2016,38105,20.847656,D_PROVISIONAL
2580,2559880,2016,38166,21.085938,D_PROVISIONAL
2582,2559882,2016,38226,21.320312,D_PROVISIONAL
2584,2559884,2016,38286,21.554688,D_PROVISIONAL
2586,2559886,2016,38345,21.785156,D_PROVISIONAL
2588,2559888,2016,38404,22.015625,D_PROVISIONAL
2590,2559890,2016,38464,22.250000,D_PROVISIONAL
2592,2559892,2016,38523,22.480469,D_PROVISIONAL
2594,2559894,2016,38582,22.710938,D_PROVISIONAL
2596,2559896,2016,38641,22.941406,D_PROVISIONAL
2598,2559898,2016,38700,23.171875,D_PROVISIONAL
2600,2559900,2016,38759,23.402344,D_PROVISIONAL
2602,2559902,2016,38818,23.632812,D_PROVISIONAL
2604,2559904,2016,38877,23.863281,D_PROVISIONAL
2606,2559906,2016,38936,24.093750,D_PROVISIONAL
2608,2559908,2016,38994,24.320312,D_PROVISIONAL
2610,2559910,2016,39053,24.550781,D_PROVISIONAL
2612,2559912,2016,39112,24.781250,D_PROVISIONAL
2614,2559914,2016,39089,24.691406,D_PROVISIONAL
2616,2559916,2016,39063,24.589844,D_PROVISIONAL
2618,2559918,2016,39037,24.488281,D_PROVISIONAL
2620,2559920,2016,39012,24.390625,D_PROVISIONAL
2622,2559922,2016,38986,24.289062,D_PROVISIONAL
2624,2559924,2016,38961,24.191406,D_PROVISIONAL
2626,2559926,2016,38936,24.093750,D_PROVISIONAL
2628,2559928,2016,38912,24.000000,D_PROVISIONAL
2630,2559930,2016,38887,23.902344,D_PROVISIONAL
2632,2559932,2016,38863,23.808594,D_PROVISIONAL
2634,2559934,2016,38838,23.710938,D_PROVISIONAL
2636,2559936,2016,38814,23.617188,D_PROVISIONAL
2638,2559938,2016,38791,23.527344,D_PROVISIONAL
2640,2559940,2016,38770,23.445312,D_PROVISIONAL
2642,2559942,2016,38773,23.457031,D_PROVISIONAL
2644,2559944,2016,38776,23.468750,D_PROVISIONAL
2646,2559946,2016,38779,23.480469,D_PROVISIONAL
2648,2559948,2016,38782,23.492188,D_PROVISIONAL
2650,2559950,2016,38786,23.507812,D_PROVISIONAL
2652,2559952,2016,38789,23.519531,D_PROVISIONAL
2654,2559954,2016,38793,23.535156,D_PROVISIONAL
2656,2559956,2016,38797,23.550781,D_PROVISIONAL
2658,2559958,2016,38801,23.566406,D_PROVISIONAL
2660,2559960,2016,38805,23.582031,D_PROVISIONAL
2662,2559962,2016,38809,23.597656,D_PROVISIONAL
2664,2559964,2016,38813,23.613281,D_PROVISIONAL
2666,2559966,2016,38817,23.628906,D_PROVISIONAL
2668,2559968,2016,38816,23.625000,D_PROVISIONAL
2670,2559970,2016,38800,23.562500,D_PROVISIONAL
2672,2559972,2016,38783,23.496094,D_PROVISIONAL
2674,2559974,2016,38767,23.433594,D_PROVISIONAL
2676,2559976,2016,38750,23.367188,D_PROVISIONAL
2678,2559978,2016,38734,23.304688,D_PROVISIONAL
2680,2559980,2016,38717,23.238281,D_PROVISIONAL
2682,2559982,2016,38701,23.175781,D_PROVISIONAL
2684,2559984,2016,38684,23.109375,D_PROVISIONAL
2686,2559986,2016,38667,23.042969,D_PROVISIONAL
2688,2559988,2016,38651,22.980469,D_PROVISIONAL
2690,2559990,2016,38634,22.914062,D_PROVISIONAL
2692,2559992,2016,38617,22.847656,D_PROVISIONAL
2694,2559994,2016,38600,22.781250,D_PROVISIONAL
2696,2559996,2016,38565,22.644531,D_PROVISIONAL
2698,2559998,2016,38501,22.394531,D_PROVISIONAL
2700,2560000,2016,38438,22.148438,D_PROVISIONAL
2702,2560002,2016,38374,21.898438,D_PROVISIONAL
2704,2560004,2016,38310,21.648438,D_PROVISIONAL
2706,2560006,2016,38246,21.398438,D_PROVISIONAL
2708,2560008,2016,38182,21.148438,D_PROVISIONAL
2710,2560010,2016,38117,20.894531,D_PROVISIONAL
2712,2560012,2016,38053,20.644531,D_PROVISIONAL
2714,2560014,2016,37988,20.390625,D_PROVISIONAL
2716,2560016,2016,37923,20.136719,D_PROVISIONAL
2718,2560018,2016,37858,19.882812,D_PROVISIONAL
2720,2560020,2016,37793,19.628906,D_PROVISIONAL
2722,2560022,2016,37728,19.375000,D_PROVISIONAL
2724,2560024,2016,37645,19.050781,D_PROVISIONAL
2726,2560026,2016,37547,18.667969,D_PROVISIONAL
2728,2560028,2016,37450,18.289062,D_PROVISIONAL
2730,2560030,2016,37353,17.910156,D_PROVISIONAL
2732,2560032,2016,37256,17.531250,D_PROVISIONAL
2734,2560034,2016,37159,17.152344,D_PROVISIONAL
2736,2560036,2016,37063,16.777344,D_PROVISIONAL
2738,2560038,2016,36967,16.402344,D_PROVISIONAL
2740,2560040,2016,36871,16.027344,D_PROVISIONAL
2742,2560042,2016,36775,15.652344,D_PROVISIONAL
2744,2560044,2016,36679,15.277344,D_PROVISIONAL
2746,2560046,2016,36584,14.906250,D_PROVISIONAL
2748,2560048,2016,36489,14.535156,D_PROVISIONAL
2750,2560050,2016,36394,14.164062,D_PROVISIONAL
2752,2560052,2016,36364,14.046875,D_PROVISIONAL
2754,2560054,2016,36361,14.035156,D_PROVISIONAL
2756,2560056,2016,36357,14.019531,D_PROVISIONAL
2758,2560058,2016,36354,14.007812,D_PROVISIONAL
2760,2560060,2016,36351,13.996094,D_PROVISIONAL
2762,2560062,2016,36348,13.984375,D_PROVISIONAL
2764,2560064,2016,36345,13.972656,D_PROVISIONAL
2766,2560066,2016,36342,13.960938,D_PROVISIONAL
2768,2560068,2016,36340,13.953125,D_PROVISIONAL
2770,2560070,2016,36337,13.941406,D_PROVISIONAL
2772,2560072,2016,36334,13.929688,D_PROVISIONAL
2774,2560074,2016,36332,13.921875,D_PROVISIONAL
2776,2560076,2016,36330,13.914062,D_PROVISIONAL
2778,2560078,2016,36328,13.906250,D_PROVISIONAL
2780,2560080,2016,36340,13.953125,D_PROVISIONAL
2782,2560082,2016,36355,14.011719,D_PROVISIONAL
2784,2560084,2016,36370,14.070312,D_PROVISIONAL
2786,2560086,2016,36385,14.128906,D_PROVISIONAL
2788,2560088,2016,36400,14.187500,D_PROVISIONAL
2790,2560090,2016,36415,14.246094,D_PROVISIONAL
2792,2560092,2016,36430,14.304688,D_PROVISIONAL
2794,2560094,2016,36445,14.363281,D_PROVISIONAL
2796,2560096,2016,36460,14.421875,D_PROVISIONAL
2798,2560098,2016,36475,14.480469,D_PROVISIONAL
2800,2560100,2016,36489,14.535156,D_PROVISIONAL
2802,2560102,2016,36504,14.593750,D_PROVISIONAL
2804,2560104,2016,36519,14.652344,D_PROVISIONAL
2806,2560106,2016,36532,14.703125,D_PROVISIONAL
2808,2560108,2016,36469,14.457031,D_PROVISIONAL
2810,2560110,2016,36406,14.210938,D_PROVISIONAL
2812,2560112,2016,36343,13.964844,D_PROVISIONAL
2814,2560114,2016,36280,13.718750,D_PROVISIONAL
2816,2560116,2016,36217,13.472656,D_PROVISIONAL
2818,2560118,2016,36154,13.226562,D_PROVISIONAL
2820,2560120,2016,36091,12.980469,D_PROVISIONAL
2822,2560122,2016,36028,12.734375,D_PROVISIONAL
2824,2560124,2016,35964,12.484375,D_PROVISIONAL
2826,2560126,2016,35901,12.238281,D_PROVISIONAL
2828,2560128,2016,35838,11.992188,D_PROVISIONAL
2830,2560130,2016,35774,11.742188,D_PROVISIONAL
2832,2560132,2016,35711,11.496094,D_PROVISIONAL
2834,2560134,2016,35651,11.261719,D_PROVISIONAL
2836,2560136,2016,35610,11.101562,D_PROVISIONAL
2838,2560138,2016,35569,10.941406,D_PROVISIONAL
2840,2560140,2016,35528,10.781250,D_PROVISIONAL
2842,2560142,2016,35487,10.621094,D_PROVISIONAL
2844,2560144,2016,35446,10.460938,D_PROVISIONAL
2846,2560146,2016,35404,10.296875,D_PROVISIONAL
2848,2560148,2016,35363,10.136719,D_PROVISIONAL
2850,2560150,2016,35321,9.972656,D_PROVISIONAL
2852,2560152,2016,35280,9.812500,D_PROVISIONAL
2854,2560154,2016,35238,9.648438,D_PROVISIONAL
2856,2560156,2016,35196,9.484375,D_PROVISIONAL
2858,2560158,2016,35154,9.320312,D_PROVISIONAL
2860,2560160,2016,35112,9.156250,D_PROVISIONAL
2862,2560162,2016,35078,9.023438,D_PROVISIONAL
2864,2560164,2016,35061,8.957031,D_PROVISIONAL
2866,2560166,2016,35044,8.890625,D_PROVISIONAL
2868,2560168,2016,35028,8.828125,D_PROVISIONAL
2870,2560170,2016,35011,8.761719,D_PROVISIONAL
2872,2560172,2016,34994,8.695312,D_PROVISIONAL
2874,2560174,2016,34977,8.628906,D_PROVISIONAL
2876,2560176,2016,34960,8.562500,D_PROVISIONAL
2878,2560178,2016,34943,8.496094,D_PROVISIONAL
2880,2560180,2016,34926,8.429688,D_PROVISIONAL
2882,2560182,2016,34909,8.363281,D_PROVISIONAL
2884,2560184,2016,34891,8.292969,D_PROVISIONAL
2886,2560186,2016,34874,8.226562,D_PROVISIONAL
2888,2560188,2016,34856,8.156250,D_PROVISIONAL
2890,2560190,2016,34841,8.097656,D_PROVISIONAL
2892,2560192,2016,34827,8.042969,D_PROVISIONAL
2894,2560194,2016,34813,7.988281,D_PROVISIONAL
2896,2560196,2016,34799,7.933594,D_PROVISIONAL
2898,2560198,2016,34785,7.878906,D_PROVISIONAL
2900,2560200,2016,34771,7.824219,D_PROVISIONAL
2902,2560202,2016,34757,7.769531,D_PROVISIONAL
2904,2560204,2016,34743,7.714844,D_PROVISIONAL
2906,2560206,2016,34729,7.660156,D_PROVISIONAL
2908,2560208,2016,34715,7.605469,D_PROVISIONAL
2910,2560210,2016,34701,7.550781,D_PROVISIONAL
2912,2560212,2016,34687,7.496094,D_PROVISIONAL
2914,2560214,2016,34673,7.441406,D_PROVISIONAL
2916,2560216,2016,34659,7.386719,D_PROVISIONAL
2918,2560218,2016,34630,7.273438,D_PROVISIONAL
2920,2560220,2016,34593,7.128906,D_PROVISIONAL
2922,2560222,2016,34555,6.980469,D_PROVISIONAL
2924,2560224,2016,34518,6.835938,D_PROVISIONAL
2926,2560226,2016,34482,6.695312,D_PROVISIONAL
2928,2560228,2016,34445,6.550781,D_PROVISIONAL
2930,2560230,2016,34408,6.406250,D_PROVISIONAL
2932,2560232,2016,34372,6.265625,D_PROVISIONAL
2934,2560234,2016,34335,6.121094,D_PROVISIONAL
2936,2560236,2016,34299,5.980469,D_PROVISIONAL
2938,2560238,2016,34263,5.839844,D_PROVISIONAL
2940,2560240,2016,34227,5.699219,D_PROVISIONAL
2942,2560242,2016,34191,5.558594,D_PROVISIONAL
2944,2560244,2016,34156,5.421875,D_PROVISIONAL
2946,2560246,2016,34148,5.390625,D_PROVISIONAL
2948,2560248,2016,34150,5.398438,D_PROVISIONAL
2950,2560250,2016,34151,5.402344,D_PROVISIONAL
2952,2560252,2016,34152,5.406250,D_PROVISIONAL
2954,2560254,2016,34154,5.414062,D_PROVISIONAL
2956,2560256,2016,34155,5.417969,D_PROVISIONAL
2958,2560258,2016,34157,5.425781,D_PROVISIONAL
2960,2560260,2016,34158,5.429688,D_PROVISIONAL
2962,2560262,2016,34160,5.437500,D_PROVISIONAL
2964,2560264,2016,34162,5.445312,D_PROVISIONAL
2966,2560266,2016,34163,5.449219,D_PROVISIONAL
2968,2560268,2016,34165,5.457031,D_PROVISIONAL
2970,2560270,2016,34167,5.464844,D_PROVISIONAL
2972,2560272,2016,34169,5.472656,D_PROVISIONAL
2974,2560274,2016,34190,5.554688,D_PROVISIONAL
2976,2560276,2016,34213,5.644531,D_PROVISIONAL
2978,2560278,2016,34236,5.734375,D_PROVISIONAL
2980,2560280,2016,34259,5.824219,D_PROVISIONAL
2982,2560282,2016,34282,5.914062,D_PROVISIONAL
2984,2560284,2016,34305,6.003906,D_PROVISIONAL
2986,2560286,2016,34329,6.097656,D_PROVISIONAL
2988,2560288,2016,34352,6.187500,D_PROVISIONAL
2990,2560290,2016,34375,6.277344,D_PROVISIONAL
2992,2560292,2016,34399,6.371094,D_PROVISIONAL
2994,2560294,2016,34422,6.460938,D_PROVISIONAL
2996,2560296,2016,34446,6.554688,D_PROVISIONAL
2998,2560298,2016,34469,6.644531,D_PROVISIONAL
3000,2560300,2016,34495,6.746094,D_PROVISIONAL
3002,2560302,2016,34558,6.992188,D_PROVISIONAL
3004,2560304,2016,34620,7.234375,D_PROVISIONAL
3006,2560306,2016,34682,7.476562,D_PROVISIONAL
3008,2560308,2016,34745,7.722656,D_PROVISIONAL
3010,2560310,2016,34808,7.968750,D_PROVISIONAL
3012,2560312,2016,34871,8.214844,D_PROVISIONAL
3014,2560314,2016,34934,8.460938,D_PROVISIONAL
3016,2560316,2016,34997,8.707031,D_PROVISIONAL
3018,2560318,2016,35061,8.957031,D_PROVISIONAL
3020,2560320,2016,35124,9.203125,D_PROVISIONAL
3022,2560322,2016,35188,9.453125,D_PROVISIONAL
3024,2560324,2016,35252,9.703125,D_PROVISIONAL
3026,2560326,2016,35316,9.953125,D_PROVISIONAL
3028,2560328,2016,35384,10.218750,D_PROVISIONAL
3030,2560330,2016,35462,10.523438,D_PROVISIONAL
3032,2560332,2016,35540,10.828125,D_PROVISIONAL
3034,2560334,2016,35617,11.128906,D_PROVISIONAL
3036,2560336,2016,35695,11.433594,D_PROVISIONAL
3038,2560338,2016,35772,11.734375,D_PROVISIONAL
3040,2560340,2016,35848,12.031250,D_PROVISIONAL
3042,2560342,2016,35925,12.332031,D_PROVISIONAL
3044,2560344,2016,36001,12.628906,D_PROVISIONAL
3046,2560346,2016,36077,12.925781,D_PROVISIONAL
3048,2560348,2016,36153,13.222656,D_PROVISIONAL
3050,2560350,2016,36229,13.519531,D_PROVISIONAL
3052,2560352,2016,36304,13.812500,D_PROVISIONAL
3054,2560354,2016,36379,14.105469,D_PROVISIONAL
3056,2560356,2016,36413,14.238281,D_PROVISIONAL
3058,2560358,2016,36379,14.105469,D_PROVISIONAL
3060,2560360,2016,36344,13.968750,D_PROVISIONAL
3062,2560362,2016,36309,13.832031,D_PROVISIONAL
3064,2560364,2016,36273,13.691406,D_PROVISIONAL
3066,2560366,2016,36237,13.550781,D_PROVISIONAL
3068,2560368,2016,36201,13.410156,D_PROVISIONAL
3070,2560370,2016,36164,13.265625,D_PROVISIONAL
3072,2560372,2016,36126,13.117188,D_PROVISIONAL
3074,2560374,2016,36089,12.972656,D_PROVISIONAL
3076,2560376,2016,36050,12.820312,D_PROVISIONAL
3078,2560378,2016,36012,12.671875,D_PROVISIONAL
3080,2560380,2016,35972,12.515625,D_PROVISIONAL
3082,2560382,2016,35933,12.363281,D_PROVISIONAL
3084,2560384,2016,35876,12.140625,D_PROVISIONAL
3086,2560386,2016,35804,11.859375,D_PROVISIONAL
3088,2560388,2016,35733,11.582031,D_PROVISIONAL
3090,2560390,2016,35662,11.304688,D_PROVISIONAL
3092,2560392,2016,35592,11.031250,D_PROVISIONAL
3094,2560394,2016,35522,10.757812,D_PROVISIONAL
3096,2560396,2016,35452,10.484375,D_PROVISIONAL
3098,2560398,2016,35383,10.214844,D_PROVISIONAL
3100,2560400,2016,35314,9.945312,D_PROVISIONAL
3102,2560402,2016,35245,9.675781,D_PROVISIONAL
3104,2560404,2016,35177,9.410156,D_PROVISIONAL
3106,2560406,2016,35110,9.148438,D_PROVISIONAL
3108,2560408,2016,35042,8.882812,D_PROVISIONAL
3110,2560410,2016,34975,8.621094,D_PROVISIONAL
3112,2560412,2016,35002,8.726562,D_PROVISIONAL
3114,2560414,2016,35073,9.003906,D_PROVISIONAL
3116,2560416,2016,35144,9.281250,D_PROVISIONAL
3118,2560418,2016,35215,9.558594,D_PROVISIONAL
3120,2560420,2016,35285,9.832031,D_PROVISIONAL
3122,2560422,2016,35356,10.109375,D_PROVISIONAL
3124,2560424,2016,35426,10.382812,D_PROVISIONAL
3126,2560426,2016,35496,10.656250,D_PROVISIONAL
3128,2560428,2016,35566,10.929688,D_PROVISIONAL
3130,2560430,2016,35637,11.207031,D_PROVISIONAL
3132,2560432,2016,35706,11.476562,D_PROVISIONAL
3134,2560434,2016,35776,11.750000,D_PROVISIONAL
3136,2560436,2016,35846,12.023438,D_PROVISIONAL
3138,2560438,2016,35916,12.296875,D_PROVISIONAL
3140,2560440,2016,35995,12.605469,D_PROVISIONAL
3142,2560442,2016,36077,12.925781,D_PROVISIONAL
3144,2560444,2016,36158,13.242188,D_PROVISIONAL
3146,2560446,2016,36240,13.562500,D_PROVISIONAL
3148,2560448,2016,36322,13.882812,D_PROVISIONAL
3150,2560450,2016,36404,14.203125,D_PROVISIONAL
3152,2560452,2016,36487,14.527344,D_PROVISIONAL
3154,2560454,2016,36569,14.847656,D_PROVISIONAL
3156,2560456,2016,36652,15.171875,D_PROVISIONAL
3158,2560458,2016,36734,15.492188,D_PROVISIONAL
3160,2560460,2016,36817,15.816406,D_PROVISIONAL
3162,2560462,2016,36900,16.140625,D_PROVISIONAL
3164,2560464,2016,36983,16.464844,D_PROVISIONAL
3166,2560466,2016,37066,16.789062,D_PROVISIONAL
3168,2560468,2016,37124,17.015625,D_PROVISIONAL
3170,2560470,2016,37182,17.242188,D_PROVISIONAL
3172,2560472,2016,37239,17.464844,D_PROVISIONAL
3174,2560474,2016,37297,17.691406,D_PROVISIONAL
3176,2560476,2016,37354,17.914062,D_PROVISIONAL
3178,2560478,2016,37411,18.136719,D_PROVISIONAL
3180,2560480,2016,37468,18.359375,D_PROVISIONAL
3182,2560482,2016,37525,18.582031,D_PROVISIONAL
3184,2560484,2016,37581,18.800781,D_PROVISIONAL
3186,2560486,2016,37638,19.023438,D_PROVISIONAL
3188,2560488,2016,37695,19.246094,D_PROVISIONAL
3190,2560490,2016,37751,19.464844,D_PROVISIONAL
3192,2560492,2016,37807,19.683594,D_PROVISIONAL
3194,2560494,2016,37862,19.898438,D_PROVISIONAL
3196,2560496,2016,37902,20.054688,D_PROVISIONAL
3198,2560498,2016,37943,20.214844,D_PROVISIONAL
3200,2560500,2016,37985,20.378906,D_PROVISIONAL
3202,2560502,2016,38026,20.539062,D_PROVISIONAL
3204,2560504,2016,38067,20.699219,D_PROVISIONAL
3206,2560506,2016,38109,20.863281,D_PROVISIONAL
3208,2560508,2016,38150,21.023438,D_PROVISIONAL
3210,2560510,2016,38192,21.187500,D_PROVISIONAL
3212,2560512,2016,38234,21.351562,D_PROVISIONAL
3214,2560514,2016,38276,21.515625,D_PROVISIONAL
3216,2560516,2016,38318,21.679688,D_PROVISIONAL
3218,2560518,2016,38361,21.847656,D_PROVISIONAL
3220,2560520,2016,38403,22.011719,D_PROVISIONAL
3222,2560522,2016,38442,22.164062,D_PROVISIONAL
3224,2560524,2016,38474,22.289062,D_PROVISIONAL
3226,2560526,2016,38505,22.410156,D_PROVISIONAL
3228,2560528,2016,38537,22.535156,D_PROVISIONAL
3230,2560530,2016,38569,22.660156,D_PROVISIONAL
3232,2560532,2016,38601,22.785156,D_PROVISIONAL
3234,2560534,2016,38632,22.906250,D_PROVISIONAL
3236,2560536,2016,38664,23.031250,D_PROVISIONAL
3238,2560538,2016,38696,23.156250,D_PROVISIONAL
3240,2560540,2016,38728,23.281250,D_PROVISIONAL
3242,2560542,2016,38760,23.406250,D_PROVISIONAL
3244,2560544,2016,38793,23.535156,D_PROVISIONAL
3246,2560546,2016,38825,23.660156,D_PROVISIONAL
3248,2560548,2016,38857,23.785156,D_PROVISIONAL
3250,2560550,2016,38905,23.972656,D_PROVISIONAL
3252,2560552,2016,38971,24.230469,D_PROVISIONAL
3254,2560554,2016,39038,24.492188,D_PROVISIONAL
3256,2560556,2016,39105,24.753906,D_PROVISIONAL
3258,2560558,2016,39172,25.015625,D_PROVISIONAL
3260,2560560,2016,39238,25.273438,D_PROVISIONAL
3262,2560562,2016,39305,25.535156,D_PROVISIONAL
3264,2560564,2016,39371,25.792969,D_PROVISIONAL
3266,2560566,2016,39438,26.054688,D_PROVISIONAL
3268,2560568,2016,39504,26.312500,D_PROVISIONAL
3270,2560570,2016,39571,26.574219,D_PROVISIONAL
3272,2560572,2016,39637,26.832031,D_PROVISIONAL
3274,2560574,2016,39704,27.093750,D_PROVISIONAL
3276,2560576,2016,39770,27.351562,D_PROVISIONAL
3278,2560578,2016,39900,27.859375,D_PROVISIONAL
3280,2560580,2016,40074,28.539062,D_PROVISIONAL
3282,2560582,2016,40249,29.222656,D_PROVISIONAL
3284,2560584,2016,40423,29.902344,D_PROVISIONAL
3286,2560586,2016,40597,30.582031,D_PROVISIONAL
3288,2560588,2016,40772,31.265625,D_PROVISIONAL
3290,2560590,2016,40946,31.945312,D_PROVISIONAL
3292,2560592,2016,41121,32.628906,D_PROVISIONAL
3294,2560594,2016,41295,33.308594,D_PROVISIONAL
3296,2560596,2016,41470,33.992188,D_PROVISIONAL
3298,2560598,2016,41644,34.671875,D_PROVISIONAL
3300,2560600,2016,41819,35.355469,D_PROVISIONAL
3302,2560602,2016,41993,36.035156,D_PROVISIONAL
3304,2560604,2016,42168,36.718750,D_PROVISIONAL
3306,2560606,2016,42295,37.214844,D_PROVISIONAL
3308,2560608,2016,42405,37.644531,D_PROVISIONAL
3310,2560610,2016,42515,38.074219,D_PROVISIONAL
3312,2560612,2016,42626,38.507812,D_PROVISIONAL
3314,2560614,2016,42735,38.933594,D_PROVISIONAL
3316,2560616,2016,42845,39.363281,D_PROVISIONAL
3318,2560618,2016,42955,39.792969,D_PROVISIONAL
3320,2560620,2016,43065,40.222656,D_PROVISIONAL
3322,2560622,2016,43174,40.648438,D_PROVISIONAL
3324,2560624,2016,43284,41.078125,D_PROVISIONAL
3326,2560626,2016,43393,41.503906,D_PROVISIONAL
3328,2560628,2016,43502,41.929688,D_PROVISIONAL
3330,2560630,2016,43611,42.355469,D_PROVISIONAL
3332,2560632,2016,43720,42.781250,D_PROVISIONAL
3334,2560634,2016,43705,42.722656,D_PROVISIONAL
3336,2560636,2016,43675,42.605469,D_PROVISIONAL
3338,2560638,2016,43645,42.488281,D_PROVISIONAL
3340,2560640,2016,43615,42.371094,D_PROVISIONAL
3342,2560642,2016,43585,42.253906,D_PROVISIONAL
3344,2560644,2016,43555,42.136719,D_PROVISIONAL
3346,2560646,2016,43525,42.019531,D_PROVISIONAL
3348,2560648,2016,43495,41.902344,D_PROVISIONAL
3350,2560650,2016,43465,41.785156,D_PROVISIONAL
3352,2560652,2016,43435,41.667969,D_PROVISIONAL
3354,2560654,2016,43405,41.550781,D_PROVISIONAL
3356,2560656,2016,43375,41.433594,D_PROVISIONAL
3358,2560658,2016,43345,41.316406,D_PROVISIONAL
3360,2560660,2016,43306,41.164062,D_PROVISIONAL
3362,2560662,2016,43074,40.257812,D_PROVISIONAL
3364,2560664,2016,42842,39.351562,D_PROVISIONAL
3366,2560666,2016,42610,38.445312,D_PROVISIONAL
3368,2560668,2016,42378,37.539062,D_PROVISIONAL
3370,2560670,2016,42145,36.628906,D_PROVISIONAL
3372,2560672,2016,41913,35.722656,D_PROVISIONAL
3374,2560674,2016,41681,34.816406,D_PROVISIONAL
3376,2560676,2016,41449,33.910156,D_PROVISIONAL
3378,2560678,2016,41217,33.003906,D_PROVISIONAL
3380,2560680,2016,40984,32.093750,D_PROVISIONAL
3382,2560682,2016,40752,31.187500,D_PROVISIONAL
3384,2560684,2016,40520,30.281250,D_PROVISIONAL
3386,2560686,2016,40288,29.375000,D_PROVISIONAL
3388,2560688,2016,40080,28.562500,D_PROVISIONAL
3390,2560690,2016,39976,28.156250,D_PROVISIONAL
3392,2560692,2016,39871,27.746094,D_PROVISIONAL
3394,2560694,2016,39767,27.339844,D_PROVISIONAL
3396,2560696,2016,39663,26.933594,D_PROVISIONAL
3398,2560698,2016,39558,26.523438,D_PROVISIONAL
3400,2560700,2016,39454,26.117188,D_PROVISIONAL
3402,2560702,2016,39349,25.707031,D_PROVISIONAL
3404,2560704,2016,39245,25.300781,D_PROVISIONAL
3406,2560706,2016,39141,24.894531,D_PROVISIONAL
3408,2560708,2016,39036,24.484375,D_PROVISIONAL
3410,2560710,2016,38932,24.078125,D_PROVISIONAL
3412,2560712,2016,38827,23.667969,D_PROVISIONAL
3414,2560714,2016,38723,23.261719,D_PROVISIONAL
3416,2560716,2016,38636,22.921875,D_PROVISIONAL
3418,2560718,2016,38582,22.710938,D_PROVISIONAL
3420,2560720,2016,38528,22.500000,D_PROVISIONAL
3422,2560722,2016,38473,22.285156,D_PROVISIONAL
3424,2560724,2016,38419,22.074219,D_PROVISIONAL
3426,2560726,2016,38364,21.859375,D_PROVISIONAL
3428,2560728,2016,38310,21.648438,D_PROVISIONAL
3430,2560730,2016,38255,21.433594,D_PROVISIONAL
3432,2560732,2016,38200,21.218750,D_PROVISIONAL
3434,2560734,2016,38144,21.000000,D_PROVISIONAL
3436,2560736,2016,38089,20.785156,D_PROVISIONAL
3438,2560738,2016,38033,20.566406,D_PROVISIONAL
3440,2560740,2016,37978,20.351562,D_PROVISIONAL
3442,2560742,2016,37922,20.132812,D_PROVISIONAL
3444,2560744,2016,37953,20.253906,D_PROVISIONAL
3446,2560746,2016,38071,20.714844,D_PROVISIONAL
3448,2560748,2016,38189,21.175781,D_PROVISIONAL
3450,2560750,2016,38307,21.636719,D_PROVISIONAL
3452,2560752,2016,38425,22.097656,D_PROVISIONAL
3454,2560754,2016,38542,22.554688,D_PROVISIONAL
3456,2560756,2016,38660,23.015625,D_PROVISIONAL
3458,2560758,2016,38778,23.476562,D_PROVISIONAL
3460,2560760,2016,38896,23.937500,D_PROVISIONAL
3462,2560762,2016,39013,24.394531,D_PROVISIONAL
3464,2560764,2016,39131,24.855469,D_PROVISIONAL
3466,2560766,2016,39248,25.312500,D_PROVISIONAL
3468,2560768,2016,39366,25.773438,D_PROVISIONAL
3470,2560770,2016,39483,26.230469,D_PROVISIONAL
3472,2560772,2016,39689,27.035156,D_PROVISIONAL
3474,2560774,2016,39943,28.027344,D_PROVISIONAL
3476,2560776,2016,40197,29.019531,D_PROVISIONAL
3478,2560778,2016,40451,30.011719,D_PROVISIONAL
3480,2560780,2016,40706,31.007812,D_PROVISIONAL
3482,2560782,2016,40961,32.003906,D_PROVISIONAL
3484,2560784,2016,41215,32.996094,D_PROVISIONAL
3486,2560786,2016,41471,33.996094,D_PROVISIONAL
3488,2560788,2016,41726,34.992188,D_PROVISIONAL
3490,2560790,2016,41982,35.992188,D_PROVISIONAL
3492,2560792,2016,42237,36.988281,D_PROVISIONAL
3494,2560794,2016,42493,37.988281,D_PROVISIONAL
3496,2560796,2016,42750,38.992188,D_PROVISIONAL
3498,2560798,2016,43006,39.992188,D_PROVISIONAL
3500,2560800,2016,43166,40.617188,D_PROVISIONAL
3502,2560802,2016,43302,41.148438,D_PROVISIONAL
3504,2560804,2016,43438,41.679688,D_PROVISIONAL
3506,2560806,2016,43574,42.210938,D_PROVISIONAL
3508,2560808,2016,43710,42.742188,D_PROVISIONAL
3510,2560810,2016,43847,43.277344,D_PROVISIONAL
3512,2560812,2016,43984,43.812500,D_PROVISIONAL
3514,2560814,2016,44121,44.347656,D_PROVISIONAL
3516,2560816,2016,44258,44.882812,D_PROVISIONAL
3518,2560818,2016,44395,45.417969,D_PROVISIONAL
3520,2560820,2016,44533,45.957031,D_PROVISIONAL
3522,2560822,2016,44670,46.492188,D_PROVISIONAL
3524,2560824,2016,44808,47.031250,D_PROVISIONAL
3526,2560826,2016,44946,47.570312,D_PROVISIONAL
3528,2560828,2016,44974,47.679688,D_PROVISIONAL
3530,2560830,2016,44997,47.769531,D_PROVISIONAL
3532,2560832,2016,45020,47.859375,D_PROVISIONAL
3534,2560834,2016,45043,47.949219,D_PROVISIONAL
3536,2560836,2016,45066,48.039062,D_PROVISIONAL
3538,2560838,2016,45090,48.132812,D_PROVISIONAL
3540,2560840,2016,45113,48.222656,D_PROVISIONAL
3542,2560842,2016,45137,48.316406,D_PROVISIONAL
3544,2560844,2016,45161,48.410156,D_PROVISIONAL
3546,2560846,2016,45185,48.503906,D_PROVISIONAL
3548,2560848,2016,45209,48.597656,D_PROVISIONAL
3550,2560850,2016,45234,48.695312,D_PROVISIONAL
3552,2560852,2016,45259,48.792969,D_PROVISIONAL
3554,2560854,2016,45281,48.878906,D_PROVISIONAL
3556,2560856,2016,45281,48.878906,D_PROVISIONAL
3558,2560858,2016,45280,48.875000,D_PROVISIONAL
3560,2560860,2016,45281,48.878906,D_PROVISIONAL
3562,2560862,2016,45281,48.878906,D_PROVISIONAL
3564,2560864,2016,45281,48.878906,D_PROVISIONAL
3566,2560866,2016,45281,48.878906,D_PROVISIONAL
3568,2560868,2016,45282,48.882812,D_PROVISIONAL
3570,2560870,2016,45283,48.886719,D_PROVISIONAL
3572,2560872,2016,45283,48.886719,D_PROVISIONAL
3574,2560874,2016,45284,48.890625,D_PROVISIONAL
3576,2560876,2016,45285,48.894531,D_PROVISIONAL
3578,2560878,2016,45286,48.898438,D_PROVISIONAL
3580,2560880,2016,45288,48.906250,D_PROVISIONAL
3582,2560882,2016,45274,48.851562,D_PROVISIONAL
3584,2560884,2016,45215,48.621094,D_PROVISIONAL
3586,2560886,2016,45155,48.386719,D_PROVISIONAL
3588,2560888,2016,45096,48.156250,D_PROVISIONAL
3590,2560890,2016,45037,47.925781,D_PROVISIONAL
3592,2560892,2016,44977,47.691406,D_PROVISIONAL
3594,2560894,2016,44918,47.460938,D_PROVISIONAL
3596,2560896,2016,44858,47.226562,D_PROVISIONAL
3598,2560898,2016,44799,46.996094,D_PROVISIONAL
3600,2560900,2016,44739,46.761719,D_PROVISIONAL
3602,2560902,2016,44679,46.527344,D_PROVISIONAL
3604,2560904,2016,44619,46.292969,D_PROVISIONAL
3606,2560906,2016,44558,46.054688,D_PROVISIONAL
3608,2560908,2016,44498,45.820312,D_PROVISIONAL
3610,2560910,2016,44487,45.777344,D_PROVISIONAL
3612,2560912,2016,44548,46.015625,D_PROVISIONAL
3614,2560914,2016,44609,46.253906,D_PROVISIONAL
3616,2560916,2016,44670,46.492188,D_PROVISIONAL
3618,2560918,2016,44730,46.726562,D_PROVISIONAL
3620,2560920,2016,44791,46.964844,D_PROVISIONAL
3622,2560922,2016,44852,47.203125,D_PROVISIONAL
3624,2560924,2016,44912,47.437500,D_PROVISIONAL
3626,2560926,2016,44973,47.675781,D_PROVISIONAL
3628,2560928,2016,45033,47.910156,D_PROVISIONAL
3630,2560930,2016,45094,48.148438,D_PROVISIONAL
3632,2560932,2016,45154,48.382812,D_PROVISIONAL
3634,2560934,2016,45215,48.621094,D_PROVISIONAL
3636,2560936,2016,45275,48.855469,D_PROVISIONAL
3638,2560938,2016,45324,49.046875,D_PROVISIONAL
3640,2560940,2016,45364,49.203125,D_PROVISIONAL
3642,2560942,2016,45404,49.359375,D_PROVISIONAL
3644,2560944,2016,45443,49.511719,D_PROVISIONAL
3646,2560946,2016,45483,49.667969,D_PROVISIONAL
3648,2560948,2016,45523,49.824219,D_PROVISIONAL
3650,2560950,2016,45563,49.980469,D_PROVISIONAL
3652,2560952,2016,45603,50.136719,D_PROVISIONAL
3654,2560954,2016,45643,50.292969,D_PROVISIONAL
3656,2560956,2016,45683,50.449219,D_PROVISIONAL
3658,2560958,2016,45723,50.605469,D_PROVISIONAL
3660,2560960,2016,45763,50.761719,D_PROVISIONAL
3662,2560962,2016,45803,50.917969,D_PROVISIONAL
3664,2560964,2016,45843,51.074219,D_PROVISIONAL
3666,2560966,2016,45811,50.949219,D_PROVISIONAL
3668,2560968,2016,45749,50.707031,D_PROVISIONAL
3670,2560970,2016,45686,50.460938,D_PROVISIONAL
3672,2560972,2016,45624,50.218750,D_PROVISIONAL
3674,2560974,2016,45562,49.976562,D_PROVISIONAL
3676,2560976,2016,45499,49.730469,D_PROVISIONAL
3678,2560978,2016,45436,49.484375,D_PROVISIONAL
3680,2560980,2016,45374,49.242188,D_PROVISIONAL
3682,2560982,2016,45311,48.996094,D_PROVISIONAL
3684,2560984,2016,45248,48.750000,D_PROVISIONAL
3686,2560986,2016,45185,48.503906,D_PROVISIONAL
3688,2560988,2016,45121,48.253906,D_PROVISIONAL
3690,2560990,2016,45058,48.007812,D_PROVISIONAL
3692,2560992,2016,44995,47.761719,D_PROVISIONAL
3694,2560994,2016,44921,47.472656,D_PROVISIONAL
3696,2560996,2016,44846,47.179688,D_PROVISIONAL
3698,2560998,2016,44770,46.882812,D_PROVISIONAL
3700,2561000,2016,44695,46.589844,D_PROVISIONAL
3702,2561002,2016,44619,46.292969,D_PROVISIONAL
3704,2561004,2016,44543,45.996094,D_PROVISIONAL
3706,2561006,2016,44468,45.703125,D_PROVISIONAL
3708,2561008,2016,44392,45.406250,D_PROVISIONAL
3710,2561010,2016,44316,45.109375,D_PROVISIONAL
3712,2561012,2016,44239,44.808594,D_PROVISIONAL
3714,2561014,2016,44163,44.511719,D_PROVISIONAL
3716,2561016,2016,44087,44.214844,D_PROVISIONAL
3718,2561018,2016,44010,43.914062,D_PROVISIONAL
3720,2561020,2016,43934,43.617188,D_PROVISIONAL
3722,2561022,2016,43872,43.375000,D_PROVISIONAL
3724,2561024,2016,43810,43.132812,D_PROVISIONAL
3726,2561026,2016,43748,42.890625,D_PROVISIONAL
3728,2561028,2016,43686,42.648438,D_PROVISIONAL
3730,2561030,2016,43624,42.406250,D_PROVISIONAL
3732,2561032,2016,43562,42.164062,D_PROVISIONAL
3734,2561034,2016,43500,41.921875,D_PROVISIONAL
3736,2561036,2016,43439,41.683594,D_PROVISIONAL
3738,2561038,2016,43377,41.441406,D_PROVISIONAL
3740,2561040,2016,43316,41.203125,D_PROVISIONAL
3742,2561042,2016,43255,40.964844,D_PROVISIONAL
3744,2561044,2016,43194,40.726562,D_PROVISIONAL
3746,2561046,2016,43133,40.488281,D_PROVISIONAL
3748,2561048,2016,43075,40.261719,D_PROVISIONAL
3750,2561050,2016,43033,40.097656,D_PROVISIONAL
3752,2561052,2016,42990,39.929688,D_PROVISIONAL
3754,2561054,2016,42948,39.765625,D_PROVISIONAL
3756,2561056,2016,42906,39.601562,D_PROVISIONAL
3758,2561058,2016,42865,39.441406,D_PROVISIONAL
3760,2561060,2016,42823,39.277344,D_PROVISIONAL
3762,2561062,2016,42781,39.113281,D_PROVISIONAL
3764,2561064,2016,42740,38.953125,D_PROVISIONAL
3766,2561066,2016,42698,38.789062,D_PROVISIONAL
3768,2561068,2016,42657,38.628906,D_PROVISIONAL
3770,2561070,2016,42616,38.468750,D_PROVISIONAL
3772,2561072,2016,42575,38.308594,D_PROVISIONAL
3774,2561074,2016,42534,38.148438,D_PROVISIONAL
3776,2561076,2016,42494,37.992188,D_PROVISIONAL
3778,2561078,2016,42457,37.847656,D_PROVISIONAL
3780,2561080,2016,42420,37.703125,D_PROVISIONAL
3782,2561082,2016,42383,37.558594,D_PROVISIONAL
3784,2561084,2016,42346,37.414062,D_PROVISIONAL
3786,2561086,2016,42309,37.269531,D_PROVISIONAL
3788,2561088,2016,42272,37.125000,D_PROVISIONAL
3790,2561090,2016,42235,36.980469,D_PROVISIONAL
3792,2561092,2016,42197,36.832031,D_PROVISIONAL
3794,2561094,2016,42160,36.687500,D_PROVISIONAL
3796,2561096,2016,42123,36.542969,D_PROVISIONAL
3798,2561098,2016,42085,36.394531,D_PROVISIONAL
3800,2561100,2016,42047,36.246094,D_PROVISIONAL
3802,2561102,2016,42010,36.101562,D_PROVISIONAL
3804,2561104,2016,41954,35.882812,D_PROVISIONAL
3806,2561106,2016,41878,35.585938,D_PROVISIONAL
3808,2561108,2016,41801,35.285156,D_PROVISIONAL
3810,2561110,2016,41725,34.988281,D_PROVISIONAL
3812,2561112,2016,41648,34.687500,D_PROVISIONAL
3814,2561114,2016,41570,34.382812,D_PROVISIONAL
3816,2561116,2016,41492,34.078125,D_PROVISIONAL
3818,2561118,2016,41414,33.773438,D_PROVISIONAL
3820,2561120,2016,41336,33.468750,D_PROVISIONAL
3822,2561122,2016,41257,33.160156,D_PROVISIONAL
3824,2561124,2016,41177,32.847656,D_PROVISIONAL
3826,2561126,2016,41098,32.539062,D_PROVISIONAL
3828,2561128,2016,41018,32.226562,D_PROVISIONAL
3830,2561130,2016,40938,31.914062,D_PROVISIONAL
3832,2561132,2016,40897,31.753906,D_PROVISIONAL
3834,2561134,2016,40882,31.695312,D_PROVISIONAL
3836,2561136,2016,40866,31.632812,D_PROVISIONAL
3838,2561138,2016,40851,31.574219,D_PROVISIONAL
3840,2561140,2016,40837,31.519531,D_PROVISIONAL
3842,2561142,2016,40822,31.460938,D_PROVISIONAL
3844,2561144,2016,40808,31.406250,D_PROVISIONAL
3846,2561146,2016,40795,31.355469,D_PROVISIONAL
3848,2561148,2016,40782,31.304688,D_PROVISIONAL
3850,2561150,2016,40769,31.253906,D_PROVISIONAL
3852,2561152,2016,40756,31.203125,D_PROVISIONAL
3854,2561154,2016,40744,31.156250,D_PROVISIONAL
3856,2561156,2016,40732,31.109375,D_PROVISIONAL
3858,2561158,2016,40720,31.062500,D_PROVISIONAL
3860,2561160,2016,40424,29.906250,D_PROVISIONAL
3862,2561162,2016,40043,28.417969,D_PROVISIONAL
3864,2561164,2016,39661,26.925781,D_PROVISIONAL
3866,2561166,2016,39280,25.437500,D_PROVISIONAL
3868,2561168,2016,38898,23.945312,D_PROVISIONAL
3870,2561170,2016,38516,22.453125,D_PROVISIONAL
3872,2561172,2016,38134,20.960938,D_PROVISIONAL
3874,2561174,2016,37751,19.464844,D_PROVISIONAL
3876,2561176,2016,37369,17.972656,D_PROVISIONAL
3878,2561178,2016,36986,16.476562,D_PROVISIONAL
3880,2561180,2016,36603,14.980469,D_PROVISIONAL
3882,2561182,2016,36219,13.480469,D_PROVISIONAL
3884,2561184,2016,35836,11.984375,D_PROVISIONAL
3886,2561186,2016,35452,10.484375,D_PROVISIONAL
3888,2561188,2016,35352,10.093750,D_PROVISIONAL
3890,2561190,2016,35275,9.792969,D_PROVISIONAL
3892,2561192,2016,35198,9.492188,D_PROVISIONAL
3894,2561194,2016,35121,9.191406,D_PROVISIONAL
3896,2561196,2016,35044,8.890625,D_PROVISIONAL
3898,2561198,2016,34968,8.593750,D_PROVISIONAL
3900,2561200,2016,34891,8.292969,D_PROVISIONAL
3902,2561202,2016,34814,7.992188,D_PROVISIONAL
3904,2561204,2016,34738,7.695312,D_PROVISIONAL
3906,2561206,2016,34661,7.394531,D_PROVISIONAL
3908,2561208,2016,34584,7.093750,D_PROVISIONAL
3910,2561210,2016,34508,6.796875,D_PROVISIONAL
3912,2561212,2016,34431,6.496094,D_PROVISIONAL
3914,2561214,2016,34364,6.234375,D_PROVISIONAL
3916,2561216,2016,34415,6.433594,D_PROVISIONAL
3918,2561218,2016,34466,6.632812,D_PROVISIONAL
3920,2561220,2016,34517,6.832031,D_PROVISIONAL
3922,2561222,2016,34567,7.027344,D_PROVISIONAL
3924,2561224,2016,34618,7.226562,D_PROVISIONAL
3926,2561226,2016,34669,7.425781,D_PROVISIONAL
3928,2561228,2016,34720,7.625000,D_PROVISIONAL
3930,2561230,2016,34771,7.824219,D_PROVISIONAL
3932,2561232,2016,34823,8.027344,D_PROVISIONAL
3934,2561234,2016,34874,8.226562,D_PROVISIONAL
3936,2561236,2016,34925,8.425781,D_PROVISIONAL
3938,2561238,2016,34976,8.625000,D_PROVISIONAL
3940,2561240,2016,35028,8.828125,D_PROVISIONAL
3942,2561242,2016,35091,9.074219,D_PROVISIONAL
3944,2561244,2016,35193,9.472656,D_PROVISIONAL
3946,2561246,2016,35294,9.867188,D_PROVISIONAL
3948,2561248,2016,35396,10.265625,D_PROVISIONAL
3950,2561250,2016,35497,10.660156,D_PROVISIONAL
3952,2561252,2016,35597,11.050781,D_PROVISIONAL
3954,2561254,2016,35697,11.441406,D_PROVISIONAL
3956,2561256,2016,35797,11.832031,D_PROVISIONAL
3958,2561258,2016,35896,12.218750,D_PROVISIONAL
3960,2561260,2016,35994,12.601562,D_PROVISIONAL
3962,2561262,2016,36093,12.988281,D_PROVISIONAL
3964,2561264,2016,36191,13.371094,D_PROVISIONAL
3966,2561266,2016,36288,13.750000,D_PROVISIONAL
3968,2561268,2016,36385,14.128906,D_PROVISIONAL
3970,2561270,2016,36537,14.722656,D_PROVISIONAL
3972,2561272,2016,36779,15.667969,D_PROVISIONAL
3974,2561274,2016,37022,16.617188,D_PROVISIONAL
3976,2561276,2016,37265,17.566406,D_PROVISIONAL
3978,2561278,2016,37509,18.519531,D_PROVISIONAL
3980,2561280,2016,37752,19.468750,D_PROVISIONAL
3982,2561282,2016,37997,20.425781,D_PROVISIONAL
3984,2561284,2016,38242,21.382812,D_PROVISIONAL
3986,2561286,2016,38487,22.339844,D_PROVISIONAL
3988,2561288,2016,38732,23.296875,D_PROVISIONAL
3990,2561290,2016,38977,24.253906,D_PROVISIONAL
3992,2561292,2016,39221,25.207031,D_PROVISIONAL
3994,2561294,2016,39465,26.160156,D_PROVISIONAL
3996,2561296,2016,39708,27.109375,D_PROVISIONAL
3998,2561298,2016,39854,27.679688,D_PROVISIONAL
4000,2561300,2016,39913,27.910156,D_PROVISIONAL
4002,2561302,2016,39972,28.140625,D_PROVISIONAL
4004,2561304,2016,40032,28.375000,D_PROVISIONAL
4006,2561306,2016,40091,28.605469,D_PROVISIONAL
4008,2561308,2016,40151,28.839844,D_PROVISIONAL
4010,2561310,2016,40211,29.074219,D_PROVISIONAL
4012,2561312,2016,40271,29.308594,D_PROVISIONAL
4014,2561314,2016,40332,29.546875,D_PROVISIONAL
4016,2561316,2016,40393,29.785156,D_PROVISIONAL
4018,2561318,2016,40453,30.019531,D_PROVISIONAL
4020,2561320,2016,40515,30.261719,D_PROVISIONAL
4022,2561322,2016,40576,30.500000,D_PROVISIONAL
4024,2561324,2016,40638,30.742188,D_PROVISIONAL
4026,2561326,2016,40574,30.492188,D_PROVISIONAL
4028,2561328,2016,40452,30.015625,D_PROVISIONAL
4030,2561330,2016,40330,29.539062,D_PROVISIONAL
4032,2561332,2016,40208,29.062500,D_PROVISIONAL
