artifact_id,owner,path,sha256,source_inputs,generator_tool_version,license_status,status,notes
TERRAIN-001,AuraProj terrain,Docs/Terrain_Baseline.md,d397e1574505780db515bb45121fb2d90cd89d607957353830c5dca9bac9920b,repository plans and registered sources,Codex / Python 3.9.6; rasterio 1.4.3 for rasters,project-authored; sources cited,Provisional,Source status is separate from historical metric acceptance
TERRAIN-002,AuraProj terrain,Docs/Terrain_Acceptance_Budget.md,08d6efc88790ef7b30bb4062f27b139dc257b803778e4bf8902b0a9333b3d862,repository plans and registered sources,Codex / Python 3.9.6; rasterio 1.4.3 for rasters,project-authored; sources cited,Provisional,Source status is separate from historical metric acceptance
TERRAIN-003,AuraProj terrain,Data/Source_Register.csv,24a8967a409364ba6c898f37b7264b087f1a82ea81ddf01d750b94774cb2667e,repository plans and registered sources,Codex / Python 3.9.6; rasterio 1.4.3 for rasters,project-authored; sources cited,Provisional,Source status is separate from historical metric acceptance
TERRAIN-004,AuraProj terrain,Data/Coordinate_Contract.json,3bdb4fd96f67b087641dfb4c65f5cd71d0bd82687d8b15fc7753dbec022cba2d,repository plans and registered sources,Codex / Python 3.9.6; rasterio 1.4.3 for rasters,project-authored; sources cited,Provisional,Source status is separate from historical metric acceptance
TERRAIN-005,AuraProj terrain,QA/PCG_Preflight.md,cc54d997e865e04fa099ecef983edde34989dad1c15ebc940661c248c4b07212,repository plans and registered sources,Codex / Python 3.9.6; rasterio 1.4.3 for rasters,project-authored; sources cited,Provisional,Source status is separate from historical metric acceptance
TERRAIN-006,AuraProj terrain,Sources/HistoricMaps/README.md,33158ce444bd7028d79374001490c0f1ddc6a7de7cdd55e78443ead4acfc2c69,MAP-001,Codex / Python 3.9.6; rasterio 1.4.3 for rasters,no known copyright restrictions / public domain mark,Provisional,Source status is separate from historical metric acceptance
TERRAIN-007,AuraProj terrain,Sources/HistoricMaps/Canton_Vrooman_BritishLibrary_001954731.jpg,ebab90db8e25cd87fea7ac4e5e6d3d2e45e4659fb35bff6b509aba6f62406bd7,MAP-001,Codex / Python 3.9.6; rasterio 1.4.3 for rasters,no known copyright restrictions / public domain mark,Verified source acquisition,Source status is separate from historical metric acceptance
TERRAIN-008,AuraProj terrain,Data/Historic_Map_Selection.md,c80de99422d968cdd26c4a63d623c4607006923b8631ace3dc2d012fdfd17d85,MAP-001;OSM-001,Codex / Python 3.9.6; rasterio 1.4.3 for rasters,derived from public-domain map and ODbL candidate coordinates,Verified source acquisition,Source status is separate from historical metric acceptance
TERRAIN-009,AuraProj terrain,Data/Landmark_Candidates.csv,061486ab725d36931cf36f618e9b0e01c769be754db1cf589dba52d2267b7843,repository plans and registered sources,Codex / Python 3.9.6; rasterio 1.4.3 for rasters,project-authored; sources cited,Provisional,Source status is separate from historical metric acceptance
TERRAIN-010,AuraProj terrain,Data/Gate_Asset_Inventory.csv,a5e42c4f3ae01c3dd3fd838c2c79ac349ada1c6f8be3b7dc49a146e745257d97,repository UE gate packages and cited audit records,Codex / Python 3.9.6; rasterio 1.4.3 for rasters,project-authored asset observations,Provisional,Source status is separate from historical metric acceptance
TERRAIN-011,AuraProj terrain,QA/Map_Scale_Inspection.md,26e84c8eb676eda62a958f4e305bfd931d41e079608f047473bdcae538f7c490,MAP-001;OSM-001,Codex / Python 3.9.6; rasterio 1.4.3 for rasters,derived from public-domain map and ODbL candidate coordinates,Verified source acquisition,Source status is separate from historical metric acceptance
TERRAIN-012,AuraProj terrain,QA/Canton_Map_ScaleBar_Crop.jpg,16d0f8d0f1958d0f6b24f58865d0ec23517079e1f704c5096a76dcb5beb984fd,MAP-001;OSM-001,Codex / Python 3.9.6; rasterio 1.4.3 for rasters,derived from public-domain map and ODbL candidate coordinates,Verified source acquisition,Source status is separate from historical metric acceptance
TERRAIN-013,AuraProj terrain,QA/Control_Survey_Handoff.md,cf9c270bb248873ac3be8b2b4e66ac25cfa3df15e1ca44ea58d541db767f3c9e,repository plans and registered sources,Codex / Python 3.9.6; rasterio 1.4.3 for rasters,project-authored; sources cited,Provisional,Source status is separate from historical metric acceptance
TERRAIN-014,AuraProj terrain,QA/Canton_Days_01_05_Audit_Disposition.md,2eda20df940bdf06c762c4da77f19e71b3afa635a0e75affd758cd32e4b9a72e,repository plans and registered sources,Codex / Python 3.9.6; rasterio 1.4.3 for rasters,project-authored; sources cited,Provisional,Source status is separate from historical metric acceptance
TERRAIN-015,AuraProj terrain,Data/Map_Control_Candidates.csv,4eed455cb9669d7d9d82b7136ed80e6ee47af7b0ca511a4877a3cdd5a134a712,MAP-001;OSM-001,Codex / Python 3.9.6; rasterio 1.4.3 for rasters,derived from public-domain map and ODbL candidate coordinates,Provisional,Source status is separate from historical metric acceptance
TERRAIN-016,AuraProj terrain,Data/Map_Transform_Provisional.json,7810a1541ba4c78ec5569d92c94dbfbdb4da29cffb70107b2bf2bbc224aa058c,MAP-001;OSM-001,Codex / Python 3.9.6; rasterio 1.4.3 for rasters,derived from public-domain map and ODbL candidate coordinates,Provisional,Source status is separate from historical metric acceptance
TERRAIN-017,AuraProj terrain,QA/Map_GCP_Residuals.csv,68c16dbb4210a674c945d2cdc47d650c446b0748bc89891d95c74a5edea3c43d,MAP-001;OSM-001,Codex / Python 3.9.6; rasterio 1.4.3 for rasters,derived from public-domain map and ODbL candidate coordinates,Provisional,Source status is separate from historical metric acceptance
TERRAIN-018,AuraProj terrain,Docs/Map_Distortion_Notes.md,18991a28723f283161d93d02b5c6772c0bfc4459d2120504752597284be36b78,MAP-001;OSM-001,Codex / Python 3.9.6; rasterio 1.4.3 for rasters,derived from public-domain map and ODbL candidate coordinates,Provisional,Source status is separate from historical metric acceptance
TERRAIN-019,AuraProj terrain,GIS/Provisional/Canton_Historic_Georef_PROVISIONAL.tif,76b6f08edb581147a170dea8bb01fd890c658554600dbc62bdc1f55e35eceec2,MAP-001;OSM-001,Codex / Python 3.9.6; rasterio 1.4.3 for rasters,derived from public-domain map and ODbL candidate coordinates,Provisional,Source status is separate from historical metric acceptance
TERRAIN-020,AuraProj terrain,Data/Map_Pixel_Traces_Provisional.json,87c9c32c9ae1ac5136c84bfa89806e8fe8dd3787f7334af296e2ed8f7b20ac4b,MAP-001;OSM-001,Codex / Python 3.9.6; rasterio 1.4.3 for rasters,derived from public-domain map and ODbL candidate coordinates,Provisional,Source status is separate from historical metric acceptance
TERRAIN-021,AuraProj terrain,Data/Extent_Provisional.json,dbdc8646c3f79a433f09de6910cbd9d60a4f3cf463ddc826b4f44341b3deab7d,MAP-001;OSM-001,Codex / Python 3.9.6; rasterio 1.4.3 for rasters,derived from public-domain map and ODbL candidate coordinates,Provisional,Source status is separate from historical metric acceptance
TERRAIN-022,AuraProj terrain,QA/Canton_Provisional_Trace_Overlay.jpg,3796ea21e4585379b45fa55fd4609b462f5c14322284320ce45dc5a9e804b779,repository plans and registered sources,Codex / Python 3.9.6; rasterio 1.4.3 for rasters,project-authored; sources cited,Provisional,Source status is separate from historical metric acceptance
TERRAIN-023,AuraProj terrain,QA/Extent_Check.md,3cfd0b6c21e43da4b11c8a24797c832cbc96ae5190c5e21920fc843329549472,MAP-001;OSM-001,Codex / Python 3.9.6; rasterio 1.4.3 for rasters,derived from public-domain map and ODbL candidate coordinates,Provisional,Source status is separate from historical metric acceptance
TERRAIN-024,AuraProj terrain,GIS/README.md,4e550af58b5ac63ff81b9340866c81e8ca38edf18ded5f5cac69d7a71e83716b,MAP-001;OSM-001,Codex / Python 3.9.6; rasterio 1.4.3 for rasters,derived from public-domain map and ODbL candidate coordinates,Provisional,Source status is separate from historical metric acceptance
TERRAIN-025,AuraProj terrain,Sources/Elevation/README.md,c01979af56a6c6b203855eb477c72521f2faf4e6cf93bfadf8964f25b091f346,repository plans and registered sources,Codex / Python 3.9.6; rasterio 1.4.3 for rasters,project-authored; sources cited,Provisional,Source status is separate from historical metric acceptance
TERRAIN-026,AuraProj terrain,Sources/Elevation/GEDTM30_Guangzhou_context_20250611.tif,beb5a01ca36a34f5fe80b08394980d0fe42a30196b1ed1f0360a5bf8e3a10fa9,ELEV-002,Codex / Python 3.9.6; rasterio 1.4.3 for rasters,CC BY 4.0,Provisional,Source status is separate from historical metric acceptance
TERRAIN-027,AuraProj terrain,Sources/Elevation/GEDTM30_Guangzhou_uncertainty_20250611.tif,79c41f7054ecd50e044af7c220000f43bd057b8c78a841b87df90d171ebd6e16,ELEV-003,Codex / Python 3.9.6; rasterio 1.4.3 for rasters,CC BY 4.0,Provisional,Source status is separate from historical metric acceptance
TERRAIN-028,AuraProj terrain,Data/Elevation_Constraints.csv,8ba5839ebcab1fefa8a50b2c0627964dd2ec6b12f013d03f148ef971b2f750aa,ARCH-004,Codex / Python 3.9.6; rasterio 1.4.3 for rasters,published paper transcribed as blocked candidate; original PDF link only,Provisional,Source status is separate from historical metric acceptance
TERRAIN-029,AuraProj terrain,Docs/Vertical_Datum_Register.md,b2375c9c19d39effe91306e960b3c81b150abe8f966c03c84a9f8f1ffff7c01a,repository plans and registered sources,Codex / Python 3.9.6; rasterio 1.4.3 for rasters,project-authored; sources cited,Provisional,Source status is separate from historical metric acceptance
TERRAIN-030,AuraProj terrain,Scripts/build_canton_provisional_georef.py,8329084b71779842727574f52b12465d752a0e3d6e8485ff11e31da9550fa3f1,repository plans and registered sources,Codex / Python 3.9.6; rasterio 1.4.3 for rasters,project-authored; sources cited,Provisional,Source status is separate from historical metric acceptance
TERRAIN-031,AuraProj terrain,Scripts/build_canton_provisional_layers.py,fd0326157bf2d61ac2d61cb0f62a6456ce0f103ea9ae54ba3c9060bac49f5952,repository plans and registered sources,Codex / Python 3.9.6; rasterio 1.4.3 for rasters,project-authored; sources cited,Provisional,Source status is separate from historical metric acceptance
TERRAIN-032,AuraProj terrain,Scripts/validate_canton_terrain_days_01_05.py,d2d276858fed0cc4ce400c37a4d491ac52878bedda2e16bbeb500e942ead2ec4,repository plans and registered sources,Codex / Python 3.9.6; rasterio 1.4.3 for rasters,project-authored; sources cited,Provisional,Source status is separate from historical metric acceptance
TERRAIN-033,AuraProj terrain,Scripts/refresh_canton_terrain_manifest.py,fa3a88db3cf9cc05294a1128cf636c6e845d7bd02b356f0d7aa514ed9205e295,repository plans and registered sources,Codex / Python 3.9.6; rasterio 1.4.3 for rasters,project-authored; sources cited,Provisional,Source status is separate from historical metric acceptance
TERRAIN-034,AuraProj terrain,Scripts/requirements-canton-terrain.txt,b1cb54d7660f0e6cb500f17d67fc0dd0fc1f57d2e9566bb2fd67b29b3606ea9b,repository plans and registered sources,Codex / Python 3.9.6; rasterio 1.4.3 for rasters,project-authored; sources cited,Provisional,Source status is separate from historical metric acceptance
TERRAIN-035,AuraProj terrain,QA/Canton_Days_01_05_Execution.md,6b6f27b3b4031ac9df3dfc9c005bae2817ba9a8fda84905f2c0172e77e25fbc6,repository plans and registered sources,Codex / Python 3.9.6; rasterio 1.4.3 for rasters,project-authored; sources cited,Provisional,Source status is separate from historical metric acceptance
TERRAIN-036,AuraProj terrain,GIS/Provisional/Wall.geojson,a114139440b3ec10d0211598d996c5cde46a6ddbefe4836c6914c16b51d0d83a,MAP-001;OSM-001,Codex / Python 3.9.6; rasterio 1.4.3 for rasters,derived from public-domain map and ODbL candidate coordinates,Provisional,Source status is separate from historical metric acceptance
TERRAIN-037,AuraProj terrain,GIS/Provisional/Gates.geojson,b40fdc3e982344586d4ab4c557d1638b6691b13565feb7f6e8d12388712f0984,MAP-001;OSM-001,Codex / Python 3.9.6; rasterio 1.4.3 for rasters,derived from public-domain map and ODbL candidate coordinates,Provisional,Source status is separate from historical metric acceptance
TERRAIN-038,AuraProj terrain,GIS/Provisional/Roads_Main.geojson,23a825435e83dab2f615c8aee5f57a1859873b0900675f7e5cf692799dcb75ba,MAP-001;OSM-001,Codex / Python 3.9.6; rasterio 1.4.3 for rasters,derived from public-domain map and ODbL candidate coordinates,Provisional,Source status is separate from historical metric acceptance
TERRAIN-039,AuraProj terrain,GIS/Provisional/Waterways.geojson,2e3b670b5445c97deb5319409449ef54372bedc81d67248db59b21c364ac4e00,MAP-001;OSM-001,Codex / Python 3.9.6; rasterio 1.4.3 for rasters,derived from public-domain map and ODbL candidate coordinates,Provisional,Source status is separate from historical metric acceptance
TERRAIN-040,AuraProj terrain,GIS/Provisional/Landforms.geojson,0831c6a0e9ace14248a98c65c13b3d0fde281b8c2f64aa69156485abb662371a,MAP-001;OSM-001,Codex / Python 3.9.6; rasterio 1.4.3 for rasters,derived from public-domain map and ODbL candidate coordinates,Provisional,Source status is separate from historical metric acceptance
TERRAIN-041,AuraProj terrain,GIS/Provisional/Landmarks.geojson,44481e389589d5a33c842048442636114c561f46fe95921ddb5fd7e0ffb5dd33,MAP-001;OSM-001,Codex / Python 3.9.6; rasterio 1.4.3 for rasters,derived from public-domain map and ODbL candidate coordinates,Provisional,Source status is separate from historical metric acceptance
TERRAIN-042,AuraProj terrain,Docs/Plans/Canton-Terrain-Implementation/Resources/Day-01-Resources.md,96241c275e3a2520b1d77641570f86eb1f40a0816ab31bdd784e519a49913a24,repository plans and registered sources,Codex / Python 3.9.6; rasterio 1.4.3 for rasters,project-authored; sources cited,Provisional,Source status is separate from historical metric acceptance
TERRAIN-043,AuraProj terrain,Docs/Plans/Canton-Terrain-Implementation/Resources/Day-02-Resources.md,93cee6a7f8744a6a503a66943b4c1d4cb4da6c9a5321acab81c96ed225c27b04,repository plans and registered sources,Codex / Python 3.9.6; rasterio 1.4.3 for rasters,project-authored; sources cited,Provisional,Source status is separate from historical metric acceptance
TERRAIN-044,AuraProj terrain,Docs/Plans/Canton-Terrain-Implementation/Resources/Day-03-Resources.md,19d13488abe55194451a6d9deb1e1a9f7e616bff75fce89fca2ed98c246a8dec,repository plans and registered sources,Codex / Python 3.9.6; rasterio 1.4.3 for rasters,project-authored; sources cited,Provisional,Source status is separate from historical metric acceptance
TERRAIN-045,AuraProj terrain,Docs/Plans/Canton-Terrain-Implementation/Resources/Day-04-Resources.md,2f32736fe24a78fe4a9240c011f1224c8e091b4b088cf3e54de9ad3dd8324987,repository plans and registered sources,Codex / Python 3.9.6; rasterio 1.4.3 for rasters,project-authored; sources cited,Provisional,Source status is separate from historical metric acceptance
TERRAIN-046,AuraProj terrain,Docs/Plans/Canton-Terrain-Implementation/Resources/Day-05-Resources.md,8f569d9970f3ed3e9f9fdbd428e60112c8b6b2eaf29d244e78530b7de619ec51,repository plans and registered sources,Codex / Python 3.9.6; rasterio 1.4.3 for rasters,project-authored; sources cited,Provisional,Source status is separate from historical metric acceptance
TERRAIN-047,AuraProj terrain,Data/Authoritative_Source_Leads_2026-09-26.csv,726b2575ca6853fe97b8ca33a0f9a58d3601a723e2e8cf7a4d3413edeb07f489,official public source leads and blocker review,Codex / manual research,project-authored index; linked sources retain their own terms,Provisional,Leads require primary-source acquisition before use as controls
TERRAIN-048,AuraProj terrain,Data/Gate_District_Candidates.csv,44a6369daf720278387bf784e3d21bd6053587b9a72bfc0b4b731278c311c9a0,failed transform audit and district evidence review,Codex / plan revision,project-authored,Provisional,Legacy bounds are diagnostic only
TERRAIN-049,AuraProj terrain,Data/H2_Local_Control_Request.md,15c4650b8af100639d9013349b70b2671933b24b6ca32312b707279659133e50,acceptance budget and blocker review,Codex / plan revision,project-authored,Provisional,H2 remains blocked pending independent local controls
TERRAIN-050,AuraProj terrain,QA/Primary_Source_Request_M01.md,1c2ac23af3286a6e6807e6c768824a819a3882d5df881c1309d846af308b7c40,acceptance budget and blocker review,Codex / plan revision,project-authored,Provisional,Request template only; no evidence acquired
TERRAIN-051,AuraProj terrain,Docs/Reports/Canton-M01-Blocker-Resolution-Review-2026-09-26.md,17d5d430e669f0e5276e0b1da61f93b243e41f6133dcfb986466cf50c249cd06,reviewed blocker packet and repository plan,Codex / plan revision,project-authored; sources cited,Provisional,Records plan decision without passing historical gates
TERRAIN-052,AuraProj terrain,Docs/Reports/Change-Archive/2026-09-26-canton-plan-h1-h2-optimization.svg,d09d986ff91739d6c6df9860881df622ab980c96f32de6e4a5e238a57c6010bc,canonical plan and blocker review,Codex / SVG,project-authored,Verified,Rendered and visually inspected
TERRAIN-053,AuraProj terrain,Docs/Reports/Change-Archive/2026-09-26-canton-plan-h1-h2-optimization.md,fa0d5861bf9a0d8b4d52fed127707392abb73a6b07e02cc60154530b106d398a,canonical plan and blocker review,Codex / Markdown,project-authored,Verified,Links the archived visual and validation summary
TERRAIN-054,AuraProj terrain,Data/H1_Source_Comparison.csv,b402544c6c9770ce18f270361c9b81c457ffd8e3d26df0457ecfb13a59d5af94,source lead review and failed MAP-001 fit,Codex / comparison register,project-authored,Provisional,No H1 metric source accepted
TERRAIN-055,AuraProj terrain,Docs/Reports/Change-Archive/2026-09-26-canton-m01-evidence-gate-audit.svg,21a07386d86ab2eec55dc72f0c2d6ac4ec45caa23883371e9736bbdbef9581d3,first-ten-day technical and historical gate audit,Codex / SVG,project-authored,Verified,Rendered and visually inspected
TERRAIN-056,AuraProj terrain,Docs/Reports/Change-Archive/2026-09-26-canton-m01-evidence-gate-audit.md,e452c2dc984369ee7e4a62905b7d408b00d71ed4f1836a0b2ca040532a64232d,first-ten-day technical and historical gate audit,Codex / Markdown,project-authored,Verified,Links archived visual and validation summary
