id,scope,severity,status,required_evidence_or_action,owner,reference
CANTON-H1-001,Historical_XY_City,blocking,Open,Survey-capable metric backbone with at least eight distributed independent holdouts; city RMSE <=15 m and worst <=30 m,survey/source owner,Review/M01_Terrain_Review.md
CANTON-H2-001,Historical_XY_GateLocal,blocking,Open,Wenmingmen local conservation/survey network with at least four independent checks; RMSE <=2 m and worst <=4 m,survey/conservation owner,Data/H2_Local_Control_Request.md
CANTON-HZ-001,Historical_Z,blocking,Open,Dated late-Qing walking surface at exact gate approach; named benchmark and vertical datum,archaeology/elevation owner,Docs/Vertical_Datum_Register.md
CANTON-APP-001,Acceptance budget,blocking,Open,Owner sign-off on versioned Day-01 thresholds,project owner,Docs/Terrain_Acceptance_Budget.md
CANTON-M02-001,Road and parcel authenticity,major,Open,Replace engineering-only roads and parcel references with H2-aligned source-traced period geometry,GIS/historical owner,GIS/Road_Classifications.geojson
CANTON-M02-002,Ground grading,major,Open,Apply evidence-backed urban/road/drainage edits after historical XY and Z gates; empty layers are only separability scaffolding,terrain artist,Docs/Gate_Ground_Datum.md
CANTON-M03-001,Paving and material art,major,Open,"Beveled paving, procedural textures, six material instances, physical materials and grounded transitions implemented. Source-backed period dimensions/palette and final art approval still required.",environment art owner,Review/M03_Material_QA.md
CANTON-M04-001,Vegetation and weathering art,major,Open,"38 blade tufts, 61 leaf-litter actors and 14 localized textured damp meshes replace proxies; dry/damp toggle implemented. Period species/context and final weathering-art approval remain.",environment art owner,Review/M04_Weathering_QA.md
CANTON-M05-001,Gate collision complexity,major,Closed,Gate instance collision/nav export disabled; simple wall/door/41-segment bridge proxies preserve obstruction. Fresh map check has zero errors/warnings; all seven packaged pawn routes pass.,gate asset owner,QA/Canton_Continuation/Runtime_traversal.json
CANTON-M05-002,Performance acceptance,major,Closed,"Packaged 1080p High/100% resolution fixed-route run passes: p95 30.425 ms, p99 31.815 ms, RSS 1.001 GiB, zero WP failures; 6632 raw frame/GPU samples independently reconciled.",performance owner,QA/Canton_Continuation/Runtime_performance.json
CANTON-M05-003,Headless editor runner,minor,Open,Headless menu/locale errors fixed. Scripted editor quit still returns 1 with clean completed log; strict fresh-evidence runner normalizes it. Native game exits 0. Retain upstream exit-code investigation.,editor tools owner,QA/Canton_District/Runner_review.json
CANTON-M05-004,Closed gate threshold access,major,Implemented; approval pending,Physical pawn reaches explicit y=121750 endpoint approximately 0.6 m outside closed door. Source bridge and 2.67% grounded approach retained; owner capsule/clearance criteria review remains.,gate asset/navigation owner,QA/Canton_Continuation/Runtime_traversal.json
CANTON-M05-005,Nanite target compatibility,major,Closed,Owner approved M4 Mac/Metal raster target and Nanite as inapplicable on 2026-09-29. No Nanite runtime claim.,project owner,Docs/Terrain_Acceptance_Budget.md
CANTON-M05-006,Navigation floor alignment,major,Open,All seven fresh navigation screens pass with maximum 1.414 cm floor gap using 300 cm tiles and 5/1 cm voxels. Physical routes pass. Owner review of 6 cm screen and capsule criteria remains.,navigation owner,QA/Canton_District/Traversal_Route_Matrix.json
CANTON-M02-003,Road edge blockout,minor,Closed,Road skirts and retaining fill ground the mesh edges; source gate now has a supporting foundation. Fresh 100 floor checks and 198 joints pass; current visual captures reviewed. Engineering-only geometry.,environment art owner,QA/Canton_District/Reload_Validation.json
