road_id,station_m,x_ue_cm,y_ue_cm,modern_surface_m_egm2008,step_slope_percent,historical_status
ENG-ROAD-01,0,180000,120000,7.2734,,modern_diagnostic_only
ENG-ROAD-01,2,180000,120200,7.2578,-0.781,modern_diagnostic_only
ENG-ROAD-01,4,180000,120400,7.2422,-0.781,modern_diagnostic_only
ENG-ROAD-01,6,180000,120600,7.2227,-0.977,modern_diagnostic_only
ENG-ROAD-01,8,180000,120800,7.2070,-0.781,modern_diagnostic_only
ENG-ROAD-01,10,180000,121000,7.1914,-0.781,modern_diagnostic_only
ENG-ROAD-01,12,180000,121200,7.1758,-0.781,modern_diagnostic_only
ENG-ROAD-01,14,180000,121400,7.1602,-0.781,modern_diagnostic_only
ENG-ROAD-01,16,180000,121600,7.1406,-0.977,modern_diagnostic_only
ENG-ROAD-01,18,180000,121800,7.1250,-0.781,modern_diagnostic_only
ENG-ROAD-01,20,180000,122000,7.1094,-0.781,modern_diagnostic_only
ENG-ROAD-01,22,180000,122200,7.0938,-0.781,modern_diagnostic_only
ENG-ROAD-01,24,180000,122400,7.0859,-0.391,modern_diagnostic_only
ENG-ROAD-01,26,180000,122600,7.1953,5.469,modern_diagnostic_only
ENG-ROAD-01,28,180000,122800,7.3047,5.469,modern_diagnostic_only
ENG-ROAD-01,30,180000,123000,7.4141,5.469,modern_diagnostic_only
ENG-ROAD-01,32,180000,123200,7.5234,5.469,modern_diagnostic_only
ENG-ROAD-01,34,180000,123400,7.6367,5.664,modern_diagnostic_only
ENG-ROAD-01,36,180000,123600,7.7461,5.469,modern_diagnostic_only
ENG-ROAD-01,38,180000,123800,7.8555,5.469,modern_diagnostic_only
ENG-ROAD-01,40,180000,124000,7.9688,5.664,modern_diagnostic_only
ENG-ROAD-01,42,180000,124200,8.0781,5.469,modern_diagnostic_only
ENG-ROAD-01,44,180000,124400,8.1914,5.664,modern_diagnostic_only
ENG-ROAD-01,46,180000,124600,8.3008,5.469,modern_diagnostic_only
ENG-ROAD-01,48,180000,124800,8.4141,5.664,modern_diagnostic_only
ENG-ROAD-01,50,180000,125000,8.5273,5.664,modern_diagnostic_only
ENG-ROAD-01,52,180000,125200,8.6289,5.078,modern_diagnostic_only
ENG-ROAD-01,54,180000,125400,8.6914,3.125,modern_diagnostic_only
ENG-ROAD-01,56,180000,125600,8.7539,3.125,modern_diagnostic_only
ENG-ROAD-01,58,180000,125800,8.8164,3.125,modern_diagnostic_only
ENG-ROAD-01,60,180000,126000,8.8789,3.125,modern_diagnostic_only
ENG-ROAD-01,62,180000,126200,8.9453,3.320,modern_diagnostic_only
ENG-ROAD-01,64,180000,126400,9.0078,3.125,modern_diagnostic_only
ENG-ROAD-01,66,180000,126600,9.0703,3.125,modern_diagnostic_only
ENG-ROAD-01,68,180000,126800,9.1367,3.320,modern_diagnostic_only
ENG-ROAD-01,70,180000,127000,9.1992,3.125,modern_diagnostic_only
ENG-ROAD-01,72,180000,127200,9.2617,3.125,modern_diagnostic_only
ENG-ROAD-01,74,180000,127400,9.3281,3.320,modern_diagnostic_only
ENG-ROAD-01,76,180000,127600,9.3906,3.125,modern_diagnostic_only
ENG-ROAD-01,78,180000,127800,9.4570,3.320,modern_diagnostic_only
ENG-ROAD-01,80,180000,128000,9.4766,0.977,modern_diagnostic_only
ENG-ROAD-01,82,180000,128200,9.4180,-2.930,modern_diagnostic_only
ENG-ROAD-01,84,180000,128400,9.3555,-3.125,modern_diagnostic_only
ENG-ROAD-01,86,180000,128600,9.2969,-2.930,modern_diagnostic_only
ENG-ROAD-01,88,180000,128800,9.2344,-3.125,modern_diagnostic_only
ENG-ROAD-01,90,180000,129000,9.1758,-2.930,modern_diagnostic_only
ENG-ROAD-01,92,180000,129200,9.1133,-3.125,modern_diagnostic_only
ENG-ROAD-01,94,180000,129400,9.0508,-3.125,modern_diagnostic_only
ENG-ROAD-01,96,180000,129600,8.9922,-2.930,modern_diagnostic_only
ENG-ROAD-01,98,180000,129800,8.9297,-3.125,modern_diagnostic_only
ENG-ROAD-01,100,180000,130000,8.8672,-3.125,modern_diagnostic_only
ENG-ROAD-01,102,180000,130200,8.8008,-3.320,modern_diagnostic_only
ENG-ROAD-01,104,180000,130400,8.7383,-3.125,modern_diagnostic_only
ENG-ROAD-01,106,180000,130600,8.6758,-3.125,modern_diagnostic_only
ENG-ROAD-01,108,180000,130800,8.6055,-3.516,modern_diagnostic_only
ENG-ROAD-01,110,180000,131000,8.5312,-3.711,modern_diagnostic_only
ENG-ROAD-01,112,180000,131200,8.4570,-3.711,modern_diagnostic_only
ENG-ROAD-01,114,180000,131400,8.3828,-3.711,modern_diagnostic_only
ENG-ROAD-01,116,180000,131600,8.3086,-3.711,modern_diagnostic_only
ENG-ROAD-01,118,180000,131800,8.2344,-3.711,modern_diagnostic_only
ENG-ROAD-01,120,180000,132000,8.1562,-3.906,modern_diagnostic_only
ENG-ROAD-01,122,180000,132200,8.0820,-3.711,modern_diagnostic_only
ENG-ROAD-01,124,180000,132400,8.0078,-3.711,modern_diagnostic_only
ENG-ROAD-01,126,180000,132600,7.9297,-3.906,modern_diagnostic_only
ENG-ROAD-01,128,180000,132800,7.8555,-3.711,modern_diagnostic_only
ENG-ROAD-01,130,180000,133000,7.7773,-3.906,modern_diagnostic_only
ENG-ROAD-01,132,180000,133200,7.7031,-3.711,modern_diagnostic_only
ENG-ROAD-01,134,180000,133400,7.6250,-3.906,modern_diagnostic_only
ENG-ROAD-01,136,180000,133600,7.6562,1.562,modern_diagnostic_only
ENG-ROAD-01,138,180000,133800,7.7422,4.297,modern_diagnostic_only
ENG-ROAD-01,140,180000,134000,7.8320,4.492,modern_diagnostic_only
ENG-ROAD-01,142,180000,134200,7.9180,4.297,modern_diagnostic_only
ENG-ROAD-01,144,180000,134400,8.0039,4.297,modern_diagnostic_only
ENG-ROAD-01,146,180000,134600,8.0898,4.297,modern_diagnostic_only
ENG-ROAD-01,148,180000,134800,8.1758,4.297,modern_diagnostic_only
ENG-ROAD-01,150,180000,135000,8.2656,4.492,modern_diagnostic_only
ENG-ROAD-01,152,180000,135200,8.3516,4.297,modern_diagnostic_only
ENG-ROAD-01,154,180000,135400,8.4375,4.297,modern_diagnostic_only
ENG-ROAD-01,156,180000,135600,8.5234,4.297,modern_diagnostic_only
ENG-ROAD-01,158,180000,135800,8.6094,4.297,modern_diagnostic_only
ENG-ROAD-01,160,180000,136000,8.6953,4.297,modern_diagnostic_only
ENG-ROAD-01,162,180000,136200,8.7852,4.492,modern_diagnostic_only
ENG-ROAD-01,164,180000,136400,8.8438,2.930,modern_diagnostic_only
ENG-ROAD-01,166,180000,136600,8.9023,2.930,modern_diagnostic_only
ENG-ROAD-01,168,180000,136800,8.9570,2.734,modern_diagnostic_only
ENG-ROAD-01,170,180000,137000,9.0156,2.930,modern_diagnostic_only
ENG-ROAD-01,172,180000,137200,9.0742,2.930,modern_diagnostic_only
ENG-ROAD-01,174,180000,137400,9.1289,2.734,modern_diagnostic_only
ENG-ROAD-01,176,180000,137600,9.1875,2.930,modern_diagnostic_only
ENG-ROAD-01,178,180000,137800,9.2461,2.930,modern_diagnostic_only
ENG-ROAD-01,180,180000,138000,9.3047,2.930,modern_diagnostic_only
ENG-ROAD-01,182,180000,138200,9.3633,2.930,modern_diagnostic_only
ENG-ROAD-01,184,180000,138400,9.4219,2.930,modern_diagnostic_only
ENG-ROAD-01,186,180000,138600,9.4805,2.930,modern_diagnostic_only
ENG-ROAD-01,188,180000,138800,9.5391,2.930,modern_diagnostic_only
ENG-ROAD-01,190,180000,139000,9.5977,2.930,modern_diagnostic_only
ENG-ROAD-01,192,180000,139200,9.6055,0.391,modern_diagnostic_only
ENG-ROAD-01,194,180000,139400,9.6133,0.391,modern_diagnostic_only
ENG-ROAD-01,196,180000,139600,9.6172,0.195,modern_diagnostic_only
ENG-ROAD-01,198,180000,139800,9.6250,0.391,modern_diagnostic_only
ENG-ROAD-01,200,180000,140000,9.6328,0.391,modern_diagnostic_only
ENG-ROAD-02,0,174000,132000,8.3281,,modern_diagnostic_only
ENG-ROAD-02,2,174200,132000,8.2305,-4.883,modern_diagnostic_only
ENG-ROAD-02,4,174400,132000,8.1367,-4.688,modern_diagnostic_only
ENG-ROAD-02,6,174600,132000,8.0391,-4.883,modern_diagnostic_only
ENG-ROAD-02,8,174800,132000,7.9414,-4.883,modern_diagnostic_only
ENG-ROAD-02,10,175000,132000,7.8477,-4.688,modern_diagnostic_only
ENG-ROAD-02,12,175200,132000,7.8281,-0.977,modern_diagnostic_only
ENG-ROAD-02,14,175400,132000,7.8086,-0.977,modern_diagnostic_only
ENG-ROAD-02,16,175600,132000,7.7891,-0.977,modern_diagnostic_only
ENG-ROAD-02,18,175800,132000,7.7695,-0.977,modern_diagnostic_only
ENG-ROAD-02,20,176000,132000,7.7500,-0.977,modern_diagnostic_only
ENG-ROAD-02,22,176200,132000,7.7305,-0.977,modern_diagnostic_only
ENG-ROAD-02,24,176400,132000,7.7109,-0.977,modern_diagnostic_only
ENG-ROAD-02,26,176600,132000,7.6914,-0.977,modern_diagnostic_only
ENG-ROAD-02,28,176800,132000,7.6719,-0.977,modern_diagnostic_only
ENG-ROAD-02,30,177000,132000,7.6523,-0.977,modern_diagnostic_only
ENG-ROAD-02,32,177200,132000,7.6328,-0.977,modern_diagnostic_only
ENG-ROAD-02,34,177400,132000,7.6133,-0.977,modern_diagnostic_only
ENG-ROAD-02,36,177600,132000,7.6133,0.000,modern_diagnostic_only
ENG-ROAD-02,38,177800,132000,7.6562,2.148,modern_diagnostic_only
ENG-ROAD-02,40,178000,132000,7.6992,2.148,modern_diagnostic_only
ENG-ROAD-02,42,178200,132000,7.7461,2.344,modern_diagnostic_only
ENG-ROAD-02,44,178400,132000,7.7891,2.148,modern_diagnostic_only
ENG-ROAD-02,46,178600,132000,7.8359,2.344,modern_diagnostic_only
ENG-ROAD-02,48,178800,132000,7.8828,2.344,modern_diagnostic_only
ENG-ROAD-02,50,179000,132000,7.9258,2.148,modern_diagnostic_only
ENG-ROAD-02,52,179200,132000,7.9727,2.344,modern_diagnostic_only
ENG-ROAD-02,54,179400,132000,8.0195,2.344,modern_diagnostic_only
ENG-ROAD-02,56,179600,132000,8.0664,2.344,modern_diagnostic_only
ENG-ROAD-02,58,179800,132000,8.1133,2.344,modern_diagnostic_only
ENG-ROAD-02,60,180000,132000,8.1562,2.148,modern_diagnostic_only
ENG-ROAD-02,62,180200,132000,8.2500,4.688,modern_diagnostic_only
ENG-ROAD-02,64,180400,132000,8.4023,7.617,modern_diagnostic_only
ENG-ROAD-02,66,180600,132000,8.5508,7.422,modern_diagnostic_only
ENG-ROAD-02,68,180800,132000,8.6992,7.422,modern_diagnostic_only
ENG-ROAD-02,70,181000,132000,8.8516,7.617,modern_diagnostic_only
ENG-ROAD-02,72,181200,132000,9.0000,7.422,modern_diagnostic_only
ENG-ROAD-02,74,181400,132000,9.1523,7.617,modern_diagnostic_only
ENG-ROAD-02,76,181600,132000,9.3047,7.617,modern_diagnostic_only
ENG-ROAD-02,78,181800,132000,9.4531,7.422,modern_diagnostic_only
ENG-ROAD-02,80,182000,132000,9.6055,7.617,modern_diagnostic_only
ENG-ROAD-02,82,182200,132000,9.7578,7.617,modern_diagnostic_only
ENG-ROAD-02,84,182400,132000,9.9102,7.617,modern_diagnostic_only
ENG-ROAD-02,86,182600,132000,10.0625,7.617,modern_diagnostic_only
ENG-ROAD-02,88,182800,132000,10.1367,3.711,modern_diagnostic_only
ENG-ROAD-02,90,183000,132000,10.1719,1.758,modern_diagnostic_only
ENG-ROAD-02,92,183200,132000,10.2031,1.562,modern_diagnostic_only
ENG-ROAD-02,94,183400,132000,10.2344,1.562,modern_diagnostic_only
ENG-ROAD-02,96,183600,132000,10.2656,1.562,modern_diagnostic_only
ENG-ROAD-02,98,183800,132000,10.2969,1.562,modern_diagnostic_only
ENG-ROAD-02,100,184000,132000,10.3242,1.367,modern_diagnostic_only
ENG-ROAD-02,102,184200,132000,10.3555,1.562,modern_diagnostic_only
ENG-ROAD-02,104,184400,132000,10.3828,1.367,modern_diagnostic_only
ENG-ROAD-02,106,184600,132000,10.4141,1.562,modern_diagnostic_only
ENG-ROAD-02,108,184800,132000,10.4414,1.367,modern_diagnostic_only
ENG-ROAD-02,110,185000,132000,10.4688,1.367,modern_diagnostic_only
ENG-ROAD-02,112,185200,132000,10.4961,1.367,modern_diagnostic_only
ENG-ROAD-02,114,185400,132000,10.4961,0.000,modern_diagnostic_only
ENG-ROAD-02,116,185600,132000,10.4922,-0.195,modern_diagnostic_only
ENG-ROAD-02,118,185800,132000,10.4883,-0.195,modern_diagnostic_only
ENG-ROAD-02,120,186000,132000,10.4844,-0.195,modern_diagnostic_only
ENG-ROAD-02,122,186200,132000,10.4805,-0.195,modern_diagnostic_only
ENG-ROAD-02,124,186400,132000,10.4727,-0.391,modern_diagnostic_only
ENG-ROAD-02,126,186600,132000,10.4688,-0.195,modern_diagnostic_only
ENG-ROAD-02,128,186800,132000,10.4648,-0.195,modern_diagnostic_only
ENG-ROAD-02,130,187000,132000,10.4609,-0.195,modern_diagnostic_only
ENG-ROAD-02,132,187200,132000,10.4570,-0.195,modern_diagnostic_only
ENG-ROAD-02,134,187400,132000,10.4531,-0.195,modern_diagnostic_only
ENG-ROAD-02,136,187600,132000,10.4453,-0.391,modern_diagnostic_only
ENG-ROAD-02,138,187800,132000,10.4414,-0.195,modern_diagnostic_only
ENG-ROAD-02,140,188000,132000,10.3594,-4.102,modern_diagnostic_only
ENG-ROAD-02,142,188200,132000,10.2773,-4.102,modern_diagnostic_only
ENG-ROAD-02,144,188400,132000,10.1953,-4.102,modern_diagnostic_only
ENG-ROAD-02,146,188600,132000,10.1133,-4.102,modern_diagnostic_only
ENG-ROAD-02,148,188800,132000,10.0352,-3.906,modern_diagnostic_only
ENG-ROAD-02,150,189000,132000,9.9531,-4.102,modern_diagnostic_only
ENG-ROAD-02,152,189200,132000,9.8750,-3.906,modern_diagnostic_only
ENG-ROAD-02,154,189400,132000,9.7930,-4.102,modern_diagnostic_only
ENG-ROAD-02,156,189600,132000,9.7148,-3.906,modern_diagnostic_only
ENG-ROAD-02,158,189800,132000,9.6367,-3.906,modern_diagnostic_only
ENG-ROAD-02,160,190000,132000,9.5547,-4.102,modern_diagnostic_only
ENG-DRAIN-01,0,180650,121000,7.3320,,modern_diagnostic_only
ENG-DRAIN-01,4,180650,121400,7.3398,0.195,modern_diagnostic_only
ENG-DRAIN-01,8,180650,121800,7.3516,0.293,modern_diagnostic_only
ENG-DRAIN-01,12,180650,122200,7.3672,0.391,modern_diagnostic_only
ENG-DRAIN-01,16,180650,122600,7.4844,2.930,modern_diagnostic_only
ENG-DRAIN-01,20,180650,123000,7.6992,5.371,modern_diagnostic_only
ENG-DRAIN-01,24,180650,123400,7.9141,5.371,modern_diagnostic_only
ENG-DRAIN-01,28,180650,123800,8.1289,5.371,modern_diagnostic_only
ENG-DRAIN-01,32,180650,124200,8.3438,5.371,modern_diagnostic_only
ENG-DRAIN-01,36,180650,124600,8.5586,5.371,modern_diagnostic_only
ENG-DRAIN-01,40,180650,125000,8.7695,5.273,modern_diagnostic_only
ENG-DRAIN-01,44,180650,125400,8.9688,4.980,modern_diagnostic_only
ENG-DRAIN-01,48,180650,125800,9.1562,4.688,modern_diagnostic_only
ENG-DRAIN-01,52,180650,126200,9.3477,4.785,modern_diagnostic_only
ENG-DRAIN-01,56,180650,126600,9.5430,4.883,modern_diagnostic_only
ENG-DRAIN-01,60,180650,127000,9.7383,4.883,modern_diagnostic_only
ENG-DRAIN-01,64,180650,127400,9.9336,4.883,modern_diagnostic_only
ENG-DRAIN-01,68,180650,127800,10.1328,4.980,modern_diagnostic_only
ENG-DRAIN-01,72,180650,128200,10.1055,-0.684,modern_diagnostic_only
ENG-DRAIN-01,76,180650,128600,9.9570,-3.711,modern_diagnostic_only
ENG-DRAIN-01,80,180650,129000,9.8086,-3.711,modern_diagnostic_only
ENG-DRAIN-01,84,180650,129400,9.6641,-3.613,modern_diagnostic_only
ENG-DRAIN-01,88,180650,129800,9.5156,-3.711,modern_diagnostic_only
ENG-DRAIN-01,92,180650,130200,9.3672,-3.711,modern_diagnostic_only
ENG-DRAIN-01,96,180650,130600,9.2188,-3.711,modern_diagnostic_only
ENG-DRAIN-01,100,180650,131000,9.0352,-4.590,modern_diagnostic_only
ENG-DRAIN-01,104,180650,131400,8.8438,-4.785,modern_diagnostic_only
ENG-DRAIN-01,108,180650,131800,8.6484,-4.883,modern_diagnostic_only
ENG-DRAIN-01,112,180650,132200,8.4531,-4.883,modern_diagnostic_only
ENG-DRAIN-01,116,180650,132600,8.2539,-4.980,modern_diagnostic_only
ENG-DRAIN-01,120,180650,133000,8.0586,-4.883,modern_diagnostic_only
ENG-DRAIN-01,124,180650,133400,7.8594,-4.980,modern_diagnostic_only
ENG-DRAIN-01,128,180650,133800,7.9219,1.562,modern_diagnostic_only
ENG-DRAIN-01,132,180650,134200,8.0430,3.027,modern_diagnostic_only
ENG-DRAIN-01,136,180650,134600,8.1641,3.027,modern_diagnostic_only
ENG-DRAIN-01,140,180650,135000,8.2812,2.930,modern_diagnostic_only
ENG-DRAIN-01,144,180650,135400,8.4023,3.027,modern_diagnostic_only
ENG-DRAIN-01,148,180650,135800,8.5195,2.930,modern_diagnostic_only
ENG-DRAIN-01,152,180650,136200,8.6328,2.832,modern_diagnostic_only
ENG-DRAIN-01,156,180650,136600,8.7305,2.441,modern_diagnostic_only
ENG-DRAIN-01,160,180650,137000,8.8203,2.246,modern_diagnostic_only
ENG-DRAIN-01,164,180650,137400,8.9102,2.246,modern_diagnostic_only
ENG-DRAIN-01,168,180650,137800,9.0000,2.246,modern_diagnostic_only
ENG-DRAIN-01,172,180650,138200,9.0898,2.246,modern_diagnostic_only
ENG-DRAIN-01,176,180650,138600,9.1797,2.246,modern_diagnostic_only
ENG-DRAIN-01,180,180650,139000,9.2695,2.246,modern_diagnostic_only
ENG-DRAIN-01,184,180650,139400,9.3398,1.758,modern_diagnostic_only
ENG-DRAIN-01,188,180650,139800,9.4102,1.758,modern_diagnostic_only
